Chapter Name,Author,Date,Text,Replies
CROWN OF GLASS,CrazyBookWeirdo,5 days ago,PERFECT,Reply
CROWN OF GLASS,CrazyBookWeirdo,5 days ago,LETS DO THIS!!!,Reply
CROWN OF GLASS,CrazyBookWeirdo,5 days ago,Awwww! ğŸ’œğŸ’œğŸ’œ,Reply
CROWN OF GLASS,xofeistiex,Mar 01,I ALREADY FELL IN LOVEEEE,Reply
CROWN OF GLASS,klairdalune,Feb 22,"Yeah, I'm in love",Reply
CROWN OF GLASS,klairdalune,Feb 22,oh my,Reply
CROWN OF GLASS,klairdalune,Feb 22,art,Reply
CROWN OF GLASS,klairdalune,Feb 22,absolutely.,Reply
CROWN OF GLASS,klairdalune,Feb 22,"hell, this is getting better!",Reply
CROWN OF GLASS,klairdalune,Feb 22,ğŸ˜Š,Reply
CROWN OF GLASS,klairdalune,Feb 22,oh,Reply
CROWN OF GLASS,klairdalune,Feb 22,"Bathory, is it you?",Reply
CROWN OF GLASS,klairdalune,Feb 22,ğŸ’–ğŸ”¥,Reply
CROWN OF GLASS,klairdalune,Feb 22,aww,Reply
CROWN OF GLASS,klairdalune,Feb 22,ğŸ˜‚ğŸ’–,Reply
CROWN OF GLASS,klairdalune,Feb 22,I really felt that,Reply
CROWN OF GLASS,klairdalune,Feb 22,â™¡,Reply
CROWN OF GLASS,klairdalune,Feb 22,I'm really glad you did. This is the most honest thing I've ever read â™”,Reply
CROWN OF GLASS,klairdalune,Feb 22,"Well, I'm in love with your writing and it don't even started âœ¨ You're so creative â™¡",Reply
CROWN OF GLASS,klairdalune,Feb 22,idk,Reply
CROWN OF GLASS,klairdalune,Feb 22,i still wonder if it actually is,Reply
CROWN OF GLASS,klairdalune,Feb 22,this.,Reply
CROWN OF GLASS,klairdalune,Feb 22,"oh god, this is gonna be exciting",Reply
CROWN OF GLASS,cosmicjae_,Feb 20,I love black current flavoured things.,Reply
CROWN OF GLASS,lydiasixtensson,Feb 10,aaand we love this even more,Reply
CROWN OF GLASS,lydiasixtensson,Feb 10,we love that,Reply
CROWN OF GLASS,lilahhhhhhhhhhhhhh,Feb 05,I just started but can I like marry you for your sweet words ğŸ˜©,Reply
CROWN OF GLASS,lilahhhhhhhhhhhhhh,Feb 05,â¤ï¸â¤ï¸â¤ï¸,Reply
CROWN OF GLASS,Luciaq08,Jan 25,ğŸ–¤,Reply
CROWN OF GLASS,cruelladevilxxi,Jan 18,rereading this masterpiece â¤â¤,Reply
CROWN OF GLASS,cruelladevilxxi,Jan 18,i dont understand how someone can be this talented,Reply
CROWN OF GLASS,nessababe00,Jan 15, #rrğŸ˜,Reply
CROWN OF GLASS,Mandytofly1,Jan 01,Wow ğŸ¤©,Reply
CROWN OF GLASS,Mandytofly1,Jan 01,So many ğŸ˜±,Reply
CROWN OF GLASS,Mandytofly1,Jan 01,ğŸ¥³,Reply
CROWN OF GLASS,Mandytofly1,Jan 01,Like Sansa!!!!!,Reply
CROWN OF GLASS,Mandytofly1,Jan 01,Yess pls,Reply
CROWN OF GLASS,Mandytofly1,Jan 01,Oooo GOT is life â™¥ï¸ but FOR NARNIA  ğŸ¤£and Mortal instruments are kool ğŸ˜Š,Reply
CROWN OF GLASS,Mandytofly1,Jan 01,Oo yesss,Reply
CROWN OF GLASS,Mandytofly1,Jan 01,Nice,Reply
CROWN OF GLASS,Mandytofly1,Jan 01,Iâ€™m ready to dance on theirs ğŸ‘ŒğŸ¾,Reply
CROWN OF GLASS,Mandytofly1,Jan 01,Bootiful,Reply
CROWN OF GLASS,Mandytofly1,Jan 01,Yes so a queen ğŸ‘‘,Reply
CROWN OF GLASS,Mandytofly1,Jan 01,Yw ğŸ¤£,Reply
CROWN OF GLASS,Mandytofly1,Jan 01,Awwww,Reply
CROWN OF GLASS,Mandytofly1,Jan 01,Lol,Reply
CROWN OF GLASS,Mandytofly1,Jan 01,Me,Reply
CROWN OF GLASS,Mandytofly1,Jan 01,Iâ€™m down to cry,Reply
CROWN OF GLASS,shibangibanerjee,Jan 01,Narnia â¤â¤â¤â¤â¤â¤,Reply
CROWN OF GLASS,snowyknife,"Dec 24, 2019","aw, hunni, me too! ğŸ’",Reply
CROWN OF GLASS,Nona_Hujan,"Dec 22, 2019","And with only the first page, i swoon",Reply
CROWN OF GLASS,Eminagot77,"Dec 13, 2019",I havenâ€™t started reading yet but I love you tooğŸ¥ºğŸ¤§ğŸ’•,Reply
CROWN OF GLASS,Eminagot77,"Dec 13, 2019",Is there any smut? If youâ€™re a #rr let me know,Reply
CROWN OF GLASS,dreamypapers,"Dec 06, 2019",Omg the cover of the book...my fav book series ever. If anyone was wondering itâ€™s the main character from Shadow and Bone,Reply
CROWN OF GLASS,aureatee,"Dec 04, 2019",whew,Reply
CROWN OF GLASS,aureatee,"Dec 04, 2019",yess,Reply
CROWN OF GLASS,AshleyConnley,"Dec 02, 2019",MORTAL INSTRUMENTS BABYYYYYTT,Reply
CROWN OF GLASS,Natania_Kereen,"Dec 01, 2019","This comment may be offensive. I'm like, shook. How the fuck can someone come up with this shit?",Reply
CROWN OF GLASS,1105daphne,"Nov 25, 2019",Ahhh we've found a keeper,Reply
CROWN OF GLASS,TheBatmanWhoLaughs,"Nov 22, 2019", #rr,Reply
CROWN OF GLASS,avenging_angel_148,"Nov 20, 2019",Yasssss,Reply
CROWN OF GLASS,_wnadeena,"Nov 18, 2019",all of them are my favsğŸ˜,Reply
CROWN OF GLASS,_wnadeena,"Nov 18, 2019",and that's on PERIOD,Reply
CROWN OF GLASS,ReignForeverInDespai,"Nov 16, 2019",Sooooo they're Roman?,Reply
CROWN OF GLASS,blokebusters,"Nov 13, 2019",Alina is in the cover,Reply
CROWN OF GLASS,ninaalvarez37,"Nov 02, 2019",My favorite kind,Reply
CROWN OF GLASS,aizrin_,"Oct 31, 2019",â¤,Reply
CROWN OF GLASS,Anonymouswolf22,"Oct 30, 2019","I must say, I did enjoy The Mortal Instruments.",Reply
CROWN OF GLASS,roxinawayne,"Oct 27, 2019",Whys everyone saying rip?,Reply
CROWN OF GLASS,roxinawayne,"Oct 27, 2019",I liked that.,Reply
CROWN OF GLASS,xx_hyacinth_xx,"Oct 20, 2019",Sounds great~,Reply
CROWN OF GLASS,waitthats_lyric,"Oct 18, 2019",And she deserved it ğŸ˜­ğŸ˜­,Reply
CROWN OF GLASS,aloha568,"Oct 12, 2019",This comment may be offensive. holy fucking shit that's deep......but I love it,Reply
CROWN OF GLASS,BlandWritter,"Oct 11, 2019",@stillmarie is my @ where i'll be posting it.,Reply
CROWN OF GLASS,BlandWritter,"Oct 11, 2019","i'm currently working on a book, i'm still sorting things out and it's a political book similar to game of thrones and reign. I'm still working on the map of my world, and I'm hype for this book.",Reply
CROWN OF GLASS,BlandWritter,"Oct 11, 2019",Rip Queen Margery.,Reply
CROWN OF GLASS,maheentwopointoh,"Oct 05, 2019",damn,Reply
CROWN OF GLASS,maheentwopointoh,"Oct 05, 2019",Awesomeness choices,Reply
CROWN OF GLASS,maheentwopointoh,"Oct 05, 2019",HELL YEAH,Reply
CROWN OF GLASS,maheentwopointoh,"Oct 05, 2019",no.,Reply
CROWN OF GLASS,maheentwopointoh,"Oct 05, 2019",of course,Reply
CROWN OF GLASS,maheentwopointoh,"Oct 05, 2019",good,Reply
CROWN OF GLASS,sisowxth,"Oct 01, 2019",Kinda hot,Reply
CROWN OF GLASS,rlybad,"Oct 01, 2019",sansa style,Reply
CROWN OF GLASS,rlybad,"Oct 01, 2019",great inspiration sources!,Reply
CROWN OF GLASS,rlybad,"Oct 01, 2019",exactly my type,Reply
CROWN OF GLASS,rlybad,"Oct 01, 2019",it sounds so sarcastic and sassy,Reply
CROWN OF GLASS,rlybad,"Oct 01, 2019",i love this hahah,Reply
CROWN OF GLASS,rlybad,"Oct 01, 2019",she deserved better tt,Reply
CROWN OF GLASS,rlybad,"Oct 01, 2019",already intrigued,Reply
CROWN OF GLASS,ihopeimdeadtomorrow,"Oct 01, 2019",DUDE Iâ€™ll literally spend 3 hours straight on pinterest and end up with my phone yelling at me to delete something,Reply
CROWN OF GLASS,breathingchemicals,"Sep 29, 2019",I love these aesthetics,1 Reply
CROWN OF GLASS,madclarity,"Sep 25, 2019",tmi omg,Reply
CROWN OF GLASS,BlackCresent1089,"Sep 25, 2019",@ Cersei,Reply
CROWN OF GLASS,BlackCresent1089,"Sep 25, 2019",GAME OF THRONES!!!,Reply
CROWN OF GLASS,AphroditeTheDreamer,"Sep 20, 2019",I'm excited to read what's next,Reply
CROWN OF GLASS,reallyFurry,"Sep 15, 2019",I'm ready for something great ğŸ˜,Reply
CROWN OF GLASS,Thanine,"Sep 15, 2019",Yess it makes the story so much better â¤ï¸â¤ï¸ğŸ’•,Reply
CROWN OF GLASS,MerciMeyo,"Sep 10, 2019",ğŸ‘ğŸ‘ğŸ‘,Reply
CROWN OF GLASS,MerciMeyo,"Sep 10, 2019","Now, ain't that the truth",Reply
CROWN OF GLASS,shifaxuddin,"Aug 31, 2019",YESSSS,Reply
CROWN OF GLASS,shifaxuddin,"Aug 31, 2019",awww,Reply
CROWN OF GLASS,shifaxuddin,"Aug 31, 2019",ayyyy,Reply
CROWN OF GLASS,JasminRhymes,"Aug 25, 2019",Less incest I hope,1 Reply
CROWN OF GLASS,JasminRhymes,"Aug 25, 2019",ğŸ˜‚,Reply
CROWN OF GLASS,MilejdyVan,"Aug 23, 2019",Hello! ğŸ˜˜ I noticed your story is tagged #wattys2019 so I just stopped by to wish you luck in the Wattys this year ğŸ˜Š So good luck and have a nice morning/day/evening!,Reply
CROWN OF GLASS,HEROTYTY13,"Aug 22, 2019",LOVELY,Reply
CROWN OF GLASS,HEROTYTY13,"Aug 22, 2019",Sound fun,Reply
CROWN OF GLASS,HEROTYTY13,"Aug 22, 2019",Sounds fun,Reply
CROWN OF GLASS,HEROTYTY13,"Aug 22, 2019",No book ever has made me cry. If u can make my soulless self cry you deserve a prize.        BUT YOU WON'T CUZ I DON'T CRY,Reply
CROWN OF GLASS,HEROTYTY13,"Aug 22, 2019",Yeeeeeeet here we goooo,1 Reply
CROWN OF GLASS,fizzyizzy--,"Aug 20, 2019",YOU KNOW HOW HARD IT IS TO FIND A SLOW BURN SHIP ON THIS DARN WEBSITE I LOVE U,1 Reply
CROWN OF GLASS,fizzyizzy--,"Aug 20, 2019",oh i love,Reply
CROWN OF GLASS,NoraClairer,"Aug 15, 2019",Me?,Reply
CROWN OF GLASS,NoraClairer,"Aug 15, 2019","I wasnâ€™t even sure if I wanted to read this book, but since the author is so sweet, I already LOVE IT",Reply
CROWN OF GLASS,335ABCDm,"Aug 13, 2019",This is the most amazing book I have ever read it's so beautiful,2 Replies
CROWN OF GLASS,crazyappu,"Aug 12, 2019",All three are my favourites,Reply
CROWN OF GLASS,ReneeWar,"Aug 11, 2019",Aw you should totally invite us : D,Reply
CROWN OF GLASS,ReneeWar,"Aug 11, 2019",I feel so appreshAtEd,Reply
CROWN OF GLASS,unhingedbeauty,"Aug 11, 2019","This has been sitting in my library for some time and I finally got to it - this already is by far more wonderful than I could've imagined <3.  Also love the repetition of ""You end the world in..."". It just brings these descriptions of these people so much more depth and gives a much stronger voice to the text as a whole; it also answers that first question at the beginning of the epigraph in such a unique way. Like damn that was so powerful, reading the epigraph <3.",1 Reply
CROWN OF GLASS,unhingedbeauty,"Aug 11, 2019","Ooh I love the ""stops hiding his bloodstained hands"" part aldjskdksk I'm so ready for this!",Reply
CROWN OF GLASS,unhingedbeauty,"Aug 11, 2019",I am freaking loving this <3,Reply
CROWN OF GLASS,unhingedbeauty,"Aug 11, 2019",Wow.,Reply
CROWN OF GLASS,unhingedbeauty,"Aug 11, 2019",Beautiful <3.,Reply
CROWN OF GLASS,unhingedbeauty,"Aug 11, 2019",You're amazing <3,Reply
CROWN OF GLASS,unhingedbeauty,"Aug 11, 2019",YES QUEEN ğŸ‘‘,Reply
CROWN OF GLASS,unhingedbeauty,"Aug 11, 2019",TMI AHHHH <3,Reply
CROWN OF GLASS,unhingedbeauty,"Aug 11, 2019",<3,Reply
CROWN OF GLASS,unhingedbeauty,"Aug 11, 2019",I'm ready!,Reply
CROWN OF GLASS,unhingedbeauty,"Aug 11, 2019",WHOOP,Reply
CROWN OF GLASS,unhingedbeauty,"Aug 11, 2019",LETS GO,Reply
CROWN OF GLASS,unhingedbeauty,"Aug 11, 2019",COOL.,Reply
CROWN OF GLASS,unhingedbeauty,"Aug 11, 2019",Awwww â¤ï¸,Reply
CROWN OF GLASS,unhingedbeauty,"Aug 11, 2019",â¤ï¸,Reply
CROWN OF GLASS,unhingedbeauty,"Aug 11, 2019",Oof me too.,Reply
CROWN OF GLASS,unhingedbeauty,"Aug 11, 2019",Bet,Reply
CROWN OF GLASS,unhingedbeauty,"Aug 11, 2019",Always <3,Reply
CROWN OF GLASS,unhingedbeauty,"Aug 11, 2019",Aww,Reply
CROWN OF GLASS,unhingedbeauty,"Aug 11, 2019",<3,Reply
CROWN OF GLASS,ShiroiHanaXR,"Aug 10, 2019",Can I join? >:^))),1 Reply
CROWN OF GLASS,ShiroiHanaXR,"Aug 10, 2019",Oooooo that's what I live for ğŸ’€,Reply
CROWN OF GLASS,ShiroiHanaXR,"Aug 10, 2019",YES.,Reply
CROWN OF GLASS,ShiroiHanaXR,"Aug 10, 2019",A N D,Reply
CROWN OF GLASS,ShiroiHanaXR,"Aug 10, 2019",Y E S,Reply
CROWN OF GLASS,ShiroiHanaXR,"Aug 10, 2019",Y E S,Reply
CROWN OF GLASS,ShiroiHanaXR,"Aug 10, 2019",Y E S,Reply
CROWN OF GLASS,ShiroiHanaXR,"Aug 10, 2019",Oh yay thank you ğŸ˜‚,Reply
CROWN OF GLASS,fresabella,"Aug 08, 2019",Oh my gosh im excited!,1 Reply
CROWN OF GLASS,fresabella,"Aug 08, 2019",Wow.. i dont even know you and im proudğŸ™ŒğŸ¼â¤,1 Reply
CROWN OF GLASS,fresabella,"Aug 08, 2019",Sameâ¤,Reply
CROWN OF GLASS,fresabella,"Aug 08, 2019",I know it will,Reply
CROWN OF GLASS,fresabella,"Aug 08, 2019",Your truly welcomeâ¤,Reply
CROWN OF GLASS,fresabella,"Aug 08, 2019",â¤â¤,Reply
CROWN OF GLASS,steamednoodlesss,"Aug 03, 2019",ğŸ˜­ğŸ˜,Reply
CROWN OF GLASS,luxiferase,"Jul 27, 2019",love margaery ğŸ–¤,1 Reply
CROWN OF GLASS,-,"Jul 27, 2019","WOW, congratulations! ğŸ‘ğŸ¼ğŸ‘ğŸ¼",2 Replies
CROWN OF GLASS,-,"Jul 27, 2019",I'm ready! ğŸ¿,Reply
CROWN OF GLASS,-,"Jul 27, 2019",ğŸ’•ğŸ’•ğŸ’•ğŸ’•ğŸ’•,Reply
CROWN OF GLASS,-,"Jul 27, 2019",sweet ğŸ’ğŸ’ğŸ’,Reply
CROWN OF GLASS,-,"Jul 27, 2019",poetic âœ¨,Reply
CROWN OF GLASS,-,"Jul 27, 2019",Damn ğŸ‘‘,Reply
CROWN OF GLASS,-,"Jul 27, 2019",wow!,Reply
CROWN OF GLASS,-,"Jul 27, 2019",ğŸ‘ğŸ¼ğŸ‘ğŸ¼,Reply
CROWN OF GLASS,-,"Jul 27, 2019",aww ğŸ’•,Reply
CROWN OF GLASS,moonandstarsishy,"Jul 24, 2019",WOAH THIS IS AMAZING,1 Reply
CROWN OF GLASS,moonandstarsishy,"Jul 24, 2019",You are a queen,Reply
CROWN OF GLASS,moonandstarsishy,"Jul 24, 2019",Oh my gawd yes,Reply
CROWN OF GLASS,moonandstarsishy,"Jul 24, 2019",Iâ€™M READY,Reply
CROWN OF GLASS,moonandstarsishy,"Jul 24, 2019",Whoooo!,Reply
CROWN OF GLASS,moonandstarsishy,"Jul 24, 2019",â¤ï¸,Reply
CROWN OF GLASS,moonandstarsishy,"Jul 24, 2019",Aww so sweet!,Reply
CROWN OF GLASS,moonandstarsishy,"Jul 24, 2019",Iâ€™M SO READY,Reply
CROWN OF GLASS,moonandstarsishy,"Jul 24, 2019",Iâ€™m bringing popcorn,Reply
CROWN OF GLASS,moonandstarsishy,"Jul 24, 2019",Anytime!,Reply
CROWN OF GLASS,moonandstarsishy,"Jul 24, 2019",Aww. Your writing always takes my breath away! You have an amazing talent. I love your books!,Reply
CROWN OF GLASS,moonandstarsishy,"Jul 24, 2019","Iâ€™ve been waiting to read this for ages and now that Iâ€™ve finished your two books, Iâ€™m so excited!!",1 Reply
CROWN OF GLASS,moonandstarsishy,"Jul 24, 2019",Woah I love this,Reply
CROWN OF GLASS,moonandstarsishy,"Jul 24, 2019",Positively gorgeous!,Reply
CROWN OF GLASS,theresistance-,"Jul 20, 2019",ğŸ’—ğŸ’—,3 Replies
CROWN OF GLASS,xsolidangelx,"Jul 18, 2019",This sounds so promising slr3dy!,1 Reply
CROWN OF GLASS,moriarteax,"Jul 11, 2019",ok but someone tell me why is alina starkov there on the cover,Reply
CROWN OF GLASS,auroreate,"Jul 08, 2019",your writing is beautiful af,1 Reply
CROWN OF GLASS,auroreate,"Jul 08, 2019","damn, this is impressive",Reply
CROWN OF GLASS,auroreate,"Jul 08, 2019",already love you ğŸ’•ğŸ˜‚,1 Reply
CROWN OF GLASS,auroreate,"Jul 08, 2019",yes!  everything about this warning has me so excited <3,1 Reply
CROWN OF GLASS,auroreate,"Jul 08, 2019",let's go,Reply
CROWN OF GLASS,auroreate,"Jul 08, 2019",i'm getting chills,Reply
CROWN OF GLASS,auroreate,"Jul 08, 2019",love this too,Reply
CROWN OF GLASS,auroreate,"Jul 08, 2019",love this,Reply
CROWN OF GLASS,auroreate,"Jul 08, 2019",ğŸ’•ğŸ’•,Reply
CROWN OF GLASS,auroreate,"Jul 08, 2019",that's so sweet!,Reply
CROWN OF GLASS,auroreate,"Jul 08, 2019",poetic,Reply
CROWN OF GLASS,auroreate,"Jul 08, 2019",ok but me,Reply
CROWN OF GLASS,auroreate,"Jul 08, 2019",i think i'm ready ğŸ˜¶,Reply
CROWN OF GLASS,auroreate,"Jul 08, 2019",aww ğŸ’•,Reply
CROWN OF GLASS,auroreate,"Jul 08, 2019",i'm so hyped for this!,Reply
CROWN OF GLASS,auroreate,"Jul 08, 2019",stunning <3,Reply
CROWN OF GLASS,faeriebisou,"Jul 08, 2019",she's alreads my fave,1 Reply
CROWN OF GLASS,BlueCeline,"Jul 04, 2019",This gives me Percy Jackson vibes ğŸ˜‚,1 Reply
CROWN OF GLASS,GoofyAlways4Life,"Jul 03, 2019",Period!!! We love a strong queen,1 Reply
CROWN OF GLASS,GoofyAlways4Life,"Jul 03, 2019","This is true, no cap",Reply
CROWN OF GLASS,Agatha-TheNobody,"Jun 25, 2019",THIS IS SO TRUE,Reply
CROWN OF GLASS,Agatha-TheNobody,"Jun 25, 2019",I LOVE THIS,Reply
CROWN OF GLASS,Agatha-TheNobody,"Jun 25, 2019",OH MY GOD,Reply
CROWN OF GLASS,Agatha-TheNobody,"Jun 25, 2019",My favourite thing,Reply
CROWN OF GLASS,Agatha-TheNobody,"Jun 25, 2019",I will come back as a ghost and pee on them,2 Replies
CROWN OF GLASS,Agatha-TheNobody,"Jun 25, 2019",This comment may be offensive. FUCKING HELL YEAH,Reply
CROWN OF GLASS,Agatha-TheNobody,"Jun 25, 2019",This comment may be offensive. FUCK YEAH,Reply
CROWN OF GLASS,Agatha-TheNobody,"Jun 25, 2019",Awww Bless you and your mom â¤,1 Reply
CROWN OF GLASS,Agatha-TheNobody,"Jun 25, 2019",Bless my black soul you mean :D ?,2 Replies
CROWN OF GLASS,Agatha-TheNobody,"Jun 25, 2019","""If you are survivor yourself never trust another. You know what terrible things both of you are capable off."" - Me ğŸ˜„",Reply
CROWN OF GLASS,Agatha-TheNobody,"Jun 25, 2019",RIP MY QUEEN ğŸ’”,Reply
CROWN OF GLASS,ValkyrieOnline0,"Jun 24, 2019",I can already tell this is going to be epic,1 Reply
CROWN OF GLASS,ZeaSammantha913,"Jun 21, 2019",NARNIAAAAAAAAA,1 Reply
CROWN OF GLASS,BookGirl_xoxo,"Jun 20, 2019",Everything here is done so beautifully and it just looks amazing! ğŸ’œ,Reply
CROWN OF GLASS,seatrails,"Jun 14, 2019",your word weaving I effortless and smooth this isn't even the story yet i dont think im ready ğŸ˜«,1 Reply
CROWN OF GLASS,seatrails,"Jun 14, 2019",yes please i want this,Reply
CROWN OF GLASS,seatrails,"Jun 14, 2019",I can't I'm actually getting butterflies,Reply
CROWN OF GLASS,seatrails,"Jun 14, 2019",I can already tell I'll be salivating over your writing,Reply
CROWN OF GLASS,seatrails,"Jun 14, 2019",prepared for the torture oh goodness here we go ğŸ˜‚,Reply
CROWN OF GLASS,seatrails,"Jun 14, 2019",let themğŸ”¥,Reply
CROWN OF GLASS,seatrails,"Jun 14, 2019",prepared,Reply
CROWN OF GLASS,seatrails,"Jun 14, 2019",im in love already,Reply
CROWN OF GLASS,seatrails,"Jun 14, 2019",this as well... and im trying to stop drinking coffee oops ğŸ˜¬,Reply
CROWN OF GLASS,seatrails,"Jun 14, 2019",it's sad how much i relate to this,Reply
CROWN OF GLASS,seatrails,"Jun 14, 2019",oh lord am i ready? challenge accepted,Reply
CROWN OF GLASS,seatrails,"Jun 14, 2019",big difference ğŸ‘,Reply
CROWN OF GLASS,seatrails,"Jun 14, 2019",love this,Reply
CROWN OF GLASS,I-MADE-YOU-READ-THIS,"Jun 11, 2019","I just finished analyzing Harrison Bergeron for my English final and every time I see his name I see 'Kurt Vonnegurt,",Reply
CROWN OF GLASS,lucitor,"Jun 10, 2019",Why do i alrdy love your writing style,1 Reply
CROWN OF GLASS,felickoi,"May 28, 2019",Nice âœ¨ğŸ™ŒğŸ½,Reply
CROWN OF GLASS,felickoi,"May 28, 2019",Lmao ğŸ˜…,Reply
CROWN OF GLASS,felickoi,"May 28, 2019",Damn,Reply
CROWN OF GLASS,felickoi,"May 28, 2019",Youâ€™re so fricking sweet! <3 xx,1 Reply
CROWN OF GLASS,yoorner,"May 27, 2019",let's GO hcwkjncdcj i've been putting this off for way too long,2 Replies
CROWN OF GLASS,yoorner,"May 27, 2019",let them,Reply
CROWN OF GLASS,yoorner,"May 27, 2019",wlws assemble,Reply
CROWN OF GLASS,GloomySushiRoll,"May 20, 2019",Heck yeah burn me slowly,Reply
CROWN OF GLASS,GloomySushiRoll,"May 20, 2019",For some reason this makes me happy <3,Reply
CROWN OF GLASS,FireFairyPrincess05,"May 13, 2019",Why am I didn't start this book earlier?! â¤ï¸ğŸ™„,Reply
CROWN OF GLASS,FireFairyPrincess05,"May 13, 2019",Beautiful starting..,Reply
CROWN OF GLASS,auraliqhts,"May 05, 2019",so iâ€™m ready to rock n roll baby,1 Reply
CROWN OF GLASS,auraliqhts,"May 05, 2019",i live for slowburn,1 Reply
CROWN OF GLASS,satin_stars,"May 01, 2019",Yes gurl!,Reply
CROWN OF GLASS,satin_stars,"May 01, 2019",*prepares the ice cream* I have been warned.,Reply
CROWN OF GLASS,inkstainsmyhand,"Apr 17, 2019",YES,Reply
CROWN OF GLASS,inkstainsmyhand,"Apr 17, 2019",I already love this,Reply
CROWN OF GLASS,blckpnksh,"Apr 07, 2019",YESSSS QUEEN,Reply
CROWN OF GLASS,-,"Mar 21, 2019",GODDAâ€” *weeps* THIS DESCRIPTION IS SO BEAUTIFUL,Reply
CROWN OF GLASS,-,"Mar 18, 2019",awww... you are so sweet. áƒ¦,1 Reply
CROWN OF GLASS,-,"Mar 18, 2019",gorgeous áƒ¦,Reply
CROWN OF GLASS,moradoclouds,"Mar 09, 2019",It isn't,Reply
CROWN OF GLASS,sushuuma,"Feb 24, 2019","this is a very powerful introâ€” dude, i'm. so. effing. ready.",1 Reply
CROWN OF GLASS,_JustAnotherIdiot,"Feb 21, 2019",I don't what that means but it's beautiful,1 Reply
CROWN OF GLASS,_JustAnotherIdiot,"Feb 21, 2019",We will all help,Reply
CROWN OF GLASS,_JustAnotherIdiot,"Feb 21, 2019",Love that,Reply
CROWN OF GLASS,_JustAnotherIdiot,"Feb 21, 2019",TID is better in my opinion,Reply
CROWN OF GLASS,_JustAnotherIdiot,"Feb 21, 2019",But I guess I'll just deal with it â˜¹ï¸ğŸ˜©,Reply
CROWN OF GLASS,_JustAnotherIdiot,"Feb 21, 2019",Well shÃ®t,Reply
CROWN OF GLASS,_JustAnotherIdiot,"Feb 21, 2019",Bring it on,Reply
CROWN OF GLASS,_JustAnotherIdiot,"Feb 21, 2019",Lol,Reply
CROWN OF GLASS,_JustAnotherIdiot,"Feb 21, 2019",Can't wait,Reply
CROWN OF GLASS,_JustAnotherIdiot,"Feb 21, 2019",I'm ready,Reply
CROWN OF GLASS,_JustAnotherIdiot,"Feb 21, 2019",Yassss,Reply
CROWN OF GLASS,_JustAnotherIdiot,"Feb 21, 2019",Most relateable thing thing I've ever come across,Reply
CROWN OF GLASS,_JustAnotherIdiot,"Feb 21, 2019",Honestly though,Reply
CROWN OF GLASS,ireneix,"Feb 06, 2019",RIP,1 Reply
CROWN OF GLASS,echoeshigh,"Jan 21, 2019",sweet â¤,Reply
CROWN OF GLASS,bitteur,"Jan 19, 2019",WOW,1 Reply
CROWN OF GLASS,bitteur,"Jan 19, 2019",wowowowow,Reply
CROWN OF GLASS,bitteur,"Jan 19, 2019",LOVE,Reply
CROWN OF GLASS,bitteur,"Jan 19, 2019",ğŸ˜,Reply
CROWN OF GLASS,bitteur,"Jan 19, 2019",Facts,Reply
CROWN OF GLASS,maskedst,"Jan 19, 2019",ok so im guessing  eric drusilla thanatos edwina tristan,Reply
CROWN OF GLASS,HarmonyInDark7154,"Jan 13, 2019",Already in love with this book!!,1 Reply
CROWN OF GLASS,shamavad123,"Jan 11, 2019",Um... Yay...?,Reply
CROWN OF GLASS,shamavad123,"Jan 11, 2019",Yay!,Reply
CROWN OF GLASS,shamavad123,"Jan 11, 2019","Ya- wait, what?",Reply
CROWN OF GLASS,shamavad123,"Jan 11, 2019",Yay!,Reply
CROWN OF GLASS,shamavad123,"Jan 11, 2019",Yay!,Reply
CROWN OF GLASS,a_little_disguised,"Jan 07, 2019",This comment may be offensive. Holy fuck,Reply
CROWN OF GLASS,annacaatherine_,"Jan 01, 2019",youâ€™re an amazing writer wow,Reply
CROWN OF GLASS,annacaatherine_,"Jan 01, 2019",Iâ€™m getting excited and itâ€™s not even the first chapter yet wowowow,Reply
CROWN OF GLASS,annacaatherine_,"Jan 01, 2019",LOVE IT,Reply
CROWN OF GLASS,annacaatherine_,"Jan 01, 2019",my body is ready,Reply
CROWN OF GLASS,annacaatherine_,"Jan 01, 2019",relate,Reply
CROWN OF GLASS,annacaatherine_,"Jan 01, 2019",yes,Reply
CROWN OF GLASS,SudikshaMishra,"Dec 29, 2018",Always babeâ¤ï¸,3 Replies
CROWN OF GLASS,OsamaBeenThottin,"Dec 29, 2018",YASSE FIRHEORJR,Reply
CROWN OF GLASS,OsamaBeenThottin,"Dec 29, 2018",Destroy me,1 Reply
CROWN OF GLASS,salihaz01,"Dec 18, 2018","I like your story so so so so so so so so so much much much much...I love that I learn a new word..Wow your story is so nice and perfecf,really really good congratulationshttps://t.co/3REM15vUDD",Reply
CROWN OF GLASS,-sunflowerperks,"Dec 17, 2018",Wtf this is amazing,1 Reply
CROWN OF GLASS,-sunflowerperks,"Dec 17, 2018",The Chronicles of Narnia is lowkey underrated,2 Replies
CROWN OF GLASS,itsseli,"Dec 07, 2018",Truth,Reply
CROWN OF GLASS,Yellowtowelz,"Dec 06, 2018",..sounds legit,Reply
CROWN OF GLASS,thesauceomellamacorn,"Dec 03, 2018",Sounds like my sort of thing,Reply
CROWN OF GLASS,lolingfordays,"Nov 30, 2018",I AM SO READY,Reply
CROWN OF GLASS,MahiraJane,"Nov 30, 2018",I'm going to change it into tea :)),1 Reply
CROWN OF GLASS,annitsmee,"Nov 29, 2018",This is what I have been waiting for ğŸ˜,1 Reply
CROWN OF GLASS,dIPLO_West,"Nov 28, 2018","How about sex, is dere any hot steamy sex, I hope some",2 Replies
CROWN OF GLASS,itsrennie,"Nov 25, 2018",i love you.,Reply
CROWN OF GLASS,itsrennie,"Nov 25, 2018",*sniffles* i actually cry every time sebastian is mentioned cuz the whole green eyes thing messed with my heartğŸ˜­ğŸ˜­,Reply
CROWN OF GLASS,Michael-Sorbello,"Nov 19, 2018",Some situations can lead us to do some pretty terrible things :p,1 Reply
CROWN OF GLASS,fakejuliet,"Nov 18, 2018",Salute,Reply
CROWN OF GLASS,AudenNyxOctavious,"Nov 16, 2018",I welcome you with open arms to wreck me,1 Reply
CROWN OF GLASS,AudenNyxOctavious,"Nov 16, 2018",Oh. My. God. This is gorgeous ğŸ˜,Reply
CROWN OF GLASS,vintagemisery26,"Nov 13, 2018",MALECCCCCCCC ISSSSSSSS LIFEEEEEEEEEE,Reply
CROWN OF GLASS,ROSESCOMEDOWN,"Nov 12, 2018",ALREADY screeching,1 Reply
CROWN OF GLASS,ROSESCOMEDOWN,"Nov 12, 2018",That's saying something,5 Replies
CROWN OF GLASS,iloojin,"Nov 09, 2018",The last paragraph really attract people attention and make them curious.,Reply
CROWN OF GLASS,iloojin,"Nov 09, 2018","Did you intentionally put the word ""The"" twice?",2 Replies
CROWN OF GLASS,iloojin,"Nov 09, 2018","Now, you caught my attention.",Reply
CROWN OF GLASS,iloojin,"Nov 09, 2018","I had hear the name of these series, however I have never watched any of those so to me, everything in this book will be considered as original and your own ideas (I can't compare or find similitude if I don't know what you are referring to).",Reply
CROWN OF GLASS,iloojin,"Nov 09, 2018","It's easy to see that you have worked hard on this book. It's deep, the idea was original and the summary was well written.   In the payment, you asked me to either read Queen of Death or this one, I gave a shot to the former but the idea wasn't as developed as this one (it's only my opinion).",Reply
CROWN OF GLASS,iloojin,"Nov 09, 2018","I like the quote, it's my first time seeing it",Reply
CROWN OF GLASS,Midnight_Phantom18,"Nov 08, 2018",Aww ğŸ˜˜,Reply
CROWN OF GLASS,Midnight_Phantom18,"Nov 08, 2018",â¤ blood to ink â¤ğŸ˜,Reply
CROWN OF GLASS,Midnight_Phantom18,"Nov 08, 2018",ğŸ˜ğŸ˜â¤,Reply
CROWN OF GLASS,Midnight_Phantom18,"Nov 08, 2018",True. . Who knows what the survivor did to survive. . .ğŸ˜•,Reply
CROWN OF GLASS,SaltyKpopTrash,"Nov 03, 2018",I love the mortal instruments. I was kinda expecting you to say Throne Of Glass too.,4 Replies
CROWN OF GLASS,gethandalahome,"Oct 28, 2018",ok ramsay,2 Replies
CROWN OF GLASS,gethandalahome,"Oct 28, 2018",iconic,1 Reply
CROWN OF GLASS,Armyizlife,"Oct 14, 2018",Girl I fell for you.,Reply
CROWN OF GLASS,Armyizlife,"Oct 14, 2018",Iâ€™m used to it.,Reply
CROWN OF GLASS,Armyizlife,"Oct 14, 2018",Youâ€™re welcome.,Reply
CROWN OF GLASS,Noodlehead_,"Oct 07, 2018",I had never though of it that way ... Lol,Reply
CROWN OF GLASS,Babybullshit_,"Oct 06, 2018",Wow amazing writing,Reply
CROWN OF GLASS,JeanMardox,"Oct 04, 2018",TMI is everything ğŸ˜ğŸ˜ğŸ˜ğŸ˜ğŸ˜ğŸ˜,Reply
CROWN OF GLASS,llmattison,"Oct 03, 2018",@rubyruins #GraphicPrice Your skill of description and expansion is palpable and written very well. Even though you said you didn't take too much inspiration from the Greek Gods I can't help feel a reference to them. Like the warlord of the sea and salt (Neptune) and a God that lives under the bodies of the dead (Hades).  It's a very interesting first look at the book. I do sense youndo have a skill with poetry as well. You've got me hooked.,2 Replies
CROWN OF GLASS,bhluestar,"Oct 02, 2018",I'm ready! Let's gooo,1 Reply
CROWN OF GLASS,HammerholdTales,"Sep 30, 2018",I love the description of the death god with a heart of iron. It makes him feel cold and calculating.,Reply
CROWN OF GLASS,VolcanicDaisy,"Sep 27, 2018",Woah!,Reply
CROWN OF GLASS,VolcanicDaisy,"Sep 27, 2018",Each word written by you screams POWER,Reply
CROWN OF GLASS,VolcanicDaisy,"Sep 27, 2018","My, my... â¤â¤â¤",Reply
CROWN OF GLASS,VolcanicDaisy,"Sep 27, 2018",ğŸ˜‚ğŸ˜‚,Reply
CROWN OF GLASS,VolcanicDaisy,"Sep 27, 2018","Products of all the beautiful things in the world. Seriously, you write beautifully.",Reply
CROWN OF GLASS,VolcanicDaisy,"Sep 27, 2018",Wow!,Reply
CROWN OF GLASS,VolcanicDaisy,"Sep 27, 2018",Powerful,Reply
CROWN OF GLASS,_loverose,"Sep 20, 2018","I loved all these descriptions so much! Your words have a imaginative, beautiful ring to them and your sentences flow so well into another :)",Reply
CROWN OF GLASS,_loverose,"Sep 20, 2018",Ahhhh I'm getting goosebumps!,Reply
CROWN OF GLASS,_loverose,"Sep 20, 2018","I love the descriptions here, they're very poignant and vivid :)",Reply
CROWN OF GLASS,forevermykelle,"Sep 17, 2018",You have HELLHOUNDS!,Reply
CROWN OF GLASS,forevermykelle,"Sep 17, 2018",Amen,Reply
CROWN OF GLASS,-,"Sep 16, 2018",With all this aesthetic-ness and sweetness I think I am tooğŸ˜‚,Reply
CROWN OF GLASS,Obsessed_With_Book,"Sep 16, 2018",This book was inspired by my bae TMI??? thats all i needed to hear,Reply
CROWN OF GLASS,properthief,"Sep 16, 2018",SAME,Reply
CROWN OF GLASS,Drxwningindreams,"Sep 15, 2018",My favorite kind of story,Reply
CROWN OF GLASS,-,"Sep 13, 2018",THIS IS WHAT IM HERE FOR YASS,Reply
CROWN OF GLASS,stellardrone,"Sep 09, 2018","Wow, what a beautiful sentence! Did you made it yourself?  -dumb question, ikr-",Reply
CROWN OF GLASS,hazelwrites13,"Sep 09, 2018",YESS CONGRATS!,1 Reply
CROWN OF GLASS,properthief,"Sep 08, 2018",YES,1 Reply
CROWN OF GLASS,properthief,"Sep 08, 2018",Aww thanks,1 Reply
CROWN OF GLASS,kylalynnwrites,"Sep 07, 2018",ğŸ˜¢ğŸ’• oh my I'm so ready   FTR: Sept. 7 2018. 12:12am,1 Reply
CROWN OF GLASS,kylalynnwrites,"Sep 07, 2018",I'm ready to lose my hair,Reply
CROWN OF GLASS,jgsudkc,"Sep 07, 2018",Lol I love it,2 Replies
CROWN OF GLASS,MoonyChris,"Sep 04, 2018",Damn all of these awards...,Reply
CROWN OF GLASS,MoonyChris,"Sep 04, 2018",...,Reply
CROWN OF GLASS,MoonyChris,"Sep 04, 2018",ğŸ˜Š,Reply
CROWN OF GLASS,MoonyChris,"Sep 04, 2018",Thank you Rubyâ€™s mom!,Reply
CROWN OF GLASS,MoonyChris,"Sep 04, 2018",PINTEREST IS BAE!!!,Reply
CROWN OF GLASS,antisocially,"Sep 03, 2018",I love this,Reply
CROWN OF GLASS,lifeless_nerd,"Sep 02, 2018",I love it!,Reply
CROWN OF GLASS,inkflows,"Sep 02, 2018","Woah, deep",Reply
CROWN OF GLASS,inkflows,"Sep 02, 2018","Well damn, if you got these many goals, then this must be a really HIGH CLASS PROFESSIONAL and AMAZING book!  Congrats hun!",1 Reply
CROWN OF GLASS,Rowaelin_Whitethorn,"Sep 01, 2018",Who is your favourite ship from TMI?   My OTP is Clace. Other favourite ships are Sizzy and Malec.,Reply
CROWN OF GLASS,Rowaelin_Whitethorn,"Sep 01, 2018",I live for TMI,Reply
CROWN OF GLASS,twilightspeaks,"Sep 01, 2018",Congratulations! You deserve it!,Reply
CROWN OF GLASS,ValorAndVice,"Sep 01, 2018",I'M SO UPSET ABOUT M A R G A E R Y,Reply
CROWN OF GLASS,louvieres,"Sep 01, 2018","FOR NARNIAAAAA   God, I've read that entire series at least 4 times.   And I love TMI and GOT",Reply
CROWN OF GLASS,louvieres,"Sep 01, 2018","Margaery said this, omg. So many GOT feels",Reply
CROWN OF GLASS,stellardrone,"Aug 30, 2018","Wow! I love this idea, i'm a HUGE fan of you, and of greek mythology. That 'Epigraph' is -for me- really funny and aesthetic to read.  YOur writing is really good, even when I don't understand everything.  I'm really excited to read to read this!",1 Reply
CROWN OF GLASS,-,"Aug 29, 2018",Tristan.. Is that you?,Reply
CROWN OF GLASS,celestia-starlight,"Aug 20, 2018","Hi. So for my graphics request payment Iâ€™m gonna reread the first 5 chapters and enjoy the Endollon before everything went to hell.  And Iâ€™m going to cry over how oblivious everyone at this point is ;-; jealous yet not, wish I could go back to that ignorance but then I would never have known about... various things. Various exciting things.",Reply
CROWN OF GLASS,Elene2605,"Aug 18, 2018",ğŸ’œ,Reply
CROWN OF GLASS,-,"Aug 12, 2018",why is every sentence that comes from your mouth a purrrfect quote?,2 Replies
CROWN OF GLASS,-,"Aug 12, 2018",^.^ me,1 Reply
CROWN OF GLASS,Pennywithaney,"Aug 12, 2018","Still think this quote is the best! Canâ€™t remember the last time I read this book, but I canâ€™t wait to reread it! Itâ€™s been a while.",1 Reply
CROWN OF GLASS,amsamanthaaa,"Aug 11, 2018",I live for got n tmi aaaaa,Reply
CROWN OF GLASS,_canadianwoods,"Aug 10, 2018",ARE YOU ZEUS,Reply
CROWN OF GLASS,_canadianwoods,"Aug 10, 2018",maybe you can ask hades,Reply
CROWN OF GLASS,DarknessUnderShadows,"Aug 07, 2018",I liiiive for The Mortal Instruments!,1 Reply
CROWN OF GLASS,-,"Aug 01, 2018",Why is this so comforting to read,Reply
CROWN OF GLASS,skandalus,"Jul 31, 2018",By any chance do you read sarah j maas books?? I feel like you'd like them,1 Reply
CROWN OF GLASS,-,"Jul 28, 2018",Hey is this a poem that you wrote?,Reply
CROWN OF GLASS,aphroditye,"Jul 25, 2018","I love this so much, I just saw this quote on pinterest and was like wow - beautiful â¤",Reply
CROWN OF GLASS,primmee,"Jul 23, 2018",TMI,Reply
CROWN OF GLASS,solelysolange,"Jul 18, 2018",phew.,Reply
CROWN OF GLASS,solelysolange,"Jul 18, 2018",â¤,Reply
CROWN OF GLASS,Silver-Word,"Jul 17, 2018","God, this is so moving!",Reply
CROWN OF GLASS,BookwormCity15,"Jul 17, 2018",Ok I already know Iâ€™m going to finish this book,Reply
CROWN OF GLASS,PaintingTheRosesRed,"Jul 14, 2018",I am READY <3,Reply
CROWN OF GLASS,steamednoodlesss,"Jul 14, 2018",Yesh girl I know the feelingğŸ˜­ğŸ˜­ğŸ˜­ğŸ˜­you never feel like it's ready when in hindsight it's  perfect,Reply
CROWN OF GLASS,steamednoodlesss,"Jul 14, 2018",ğŸ’•ğŸ’•awwwww I feel special...i can't wait to read this bookğŸ˜‚,1 Reply
CROWN OF GLASS,steamednoodlesss,"Jul 14, 2018",Hmmmm good questionğŸ¤”ğŸ¤”,Reply
CROWN OF GLASS,Avery_Underwood,"Jul 13, 2018",Iâ€™m loving the introduction and your way of describing the book,1 Reply
CROWN OF GLASS,Seekeroflight,"Jul 11, 2018","Wow, the hair on my neck.",Reply
CROWN OF GLASS,Seekeroflight,"Jul 11, 2018",And I'll be there with you.,Reply
CROWN OF GLASS,Seekeroflight,"Jul 11, 2018",Thank you. I love you too,Reply
CROWN OF GLASS,Seekeroflight,"Jul 11, 2018","Well, me too.",Reply
CROWN OF GLASS,rikkard_lillian,"Jul 09, 2018",Congrats !!!,Reply
CROWN OF GLASS,yomnaameer,"Jul 08, 2018",maybe it is,Reply
CROWN OF GLASS,yomnaameer,"Jul 08, 2018",wow this is beautiful,Reply
CROWN OF GLASS,Xandra_Reyes,"Jul 07, 2018",I'm speechless this is the most amazing epigraph I've ever read,Reply
CROWN OF GLASS,twilightspeaks,"Jul 06, 2018","Damn, I usually don't read fantasy and that stuff, but this book has gotten me hooked! I'm starting to really appreciate Fantasy on here. (I only read Fanatsy books that are published such as Sarah j. Maas) but damn! This books plot has gotten me questioning about life. ğŸ˜‚ğŸ˜‚ All this twists!",9 Replies
CROWN OF GLASS,GoldenShandrie28029,"Jul 06, 2018",Okay fr.. I'm not a fan of fantasy books but damn.. This part got me hooked,1 Reply
CROWN OF GLASS,denxument,"Jul 05, 2018",WOAH I GOT GOOSEBUMPS,Reply
CROWN OF GLASS,denxument,"Jul 05, 2018",This comment may be offensive. Fuck yes I love dark Gods and Goddesses,Reply
CROWN OF GLASS,denxument,"Jul 05, 2018",OOOOH niceeeeeeeeeeeeeee,Reply
CROWN OF GLASS,denxument,"Jul 05, 2018",Yes to all of those tbh,Reply
CROWN OF GLASS,JustmeIguess__,"Jul 04, 2018",Aaaawwwww thank you,Reply
CROWN OF GLASS,gobliii8990By,"Jul 04, 2018",Yaaaaasssssss ğŸ’—ğŸ’—ğŸ’—,Reply
CROWN OF GLASS,BananaZurc,"Jul 03, 2018",Mortal Instruments and The Chronicles of Narnia ğŸ˜,Reply
CROWN OF GLASS,BananaZurc,"Jul 03, 2018",I love this quote ğŸ˜ Be the queen of queens ğŸ”¥,Reply
CROWN OF GLASS,dxriangray,"Jul 02, 2018",Yeah same tbh,Reply
CROWN OF GLASS,dxriangray,"Jul 02, 2018",First time I ever read this part I got CHILLS I WAS DYING,1 Reply
CROWN OF GLASS,dxriangray,"Jul 02, 2018",I can already tell they are all well deserved,Reply
CROWN OF GLASS,dxriangray,"Jul 02, 2018",This exact part is going to be the death of me,Reply
CROWN OF GLASS,dxriangray,"Jul 02, 2018","I dedicate my entire LIFE to we heart it, pinterest and tumblr tbh",Reply
CROWN OF GLASS,stelass,"Jul 02, 2018",the quote about broken hearts and broken necks sends shivers down my spine oml,Reply
CROWN OF GLASS,KaylaSilverOfficial,"Jun 20, 2018",I haven't watch game of thrones yet but I've watched NarniağŸ˜‚,Reply
CROWN OF GLASS,KaylaSilverOfficial,"Jun 20, 2018",XD,Reply
CROWN OF GLASS,KaylaSilverOfficial,"Jun 20, 2018",Yes!!,Reply
CROWN OF GLASS,KaylaSilverOfficial,"Jun 20, 2018",That's interesting...ğŸ˜,Reply
CROWN OF GLASS,olympuses,"Jun 20, 2018",Good god I am in love,Reply
CROWN OF GLASS,chaotichearts-,"Jun 18, 2018",Hmmm.  *sighs*  BEHEAD THIS MOTHERFUCKER,Reply
CROWN OF GLASS,chaotichearts-,"Jun 18, 2018",TF GIVING YOU THIRD PLACE?,Reply
CROWN OF GLASS,chaotichearts-,"Jun 18, 2018",Ah yes. Another AYE AYE DOWN HERE PLEASE.,Reply
CROWN OF GLASS,chaotichearts-,"Jun 18, 2018",ğŸ˜‚ğŸ˜‚ğŸ˜‚,Reply
CROWN OF GLASS,chaotichearts-,"Jun 18, 2018",ğŸ˜â¤ï¸ğŸ˜ğŸ˜‚ğŸ˜ğŸ˜‚,Reply
CROWN OF GLASS,chaotichearts-,"Jun 18, 2018",ğŸ˜ğŸ˜ğŸ˜,Reply
CROWN OF GLASS,chaotichearts-,"Jun 18, 2018",Ah. ONE TRUTHFUL POINT UP HERE. GIVE IT AN AYE AYE.,Reply
CROWN OF GLASS,nippleglitter,"Jun 14, 2018",This comment may be offensive. GoT is the shit i love it so much omg,1 Reply
CROWN OF GLASS,nippleglitter,"Jun 14, 2018",:) yes,1 Reply
CROWN OF GLASS,boimccall,"Jun 14, 2018",yessssssssssssssss,Reply
CROWN OF GLASS,boimccall,"Jun 14, 2018",oh hELL,Reply
CROWN OF GLASS,boimccall,"Jun 14, 2018",iM JUST HYPE TBFH,Reply
CROWN OF GLASS,toosober,"Jun 08, 2018",Iâ€™m so superstitious this line made me nervous the Greek gods r gonna get u,2 Replies
CROWN OF GLASS,ayanna-was-here,"Jun 08, 2018","yes, that seems logical",Reply
CROWN OF GLASS,ayanna-was-here,"Jun 08, 2018","Wow, so many goals, congrats!",Reply
CROWN OF GLASS,ayanna-was-here,"Jun 08, 2018","Break my heart, yes, SMASH IT TO PIECES!",Reply
CROWN OF GLASS,ayanna-was-here,"Jun 08, 2018",<3 <3 <3,Reply
CROWN OF GLASS,ayanna-was-here,"Jun 08, 2018",Moms are the best,Reply
CROWN OF GLASS,ayanna-was-here,"Jun 08, 2018","Best dedication ever, you're welcome <3",1 Reply
CROWN OF GLASS,ayanna-was-here,"Jun 08, 2018",Game of Thrones!?,1 Reply
CROWN OF GLASS,wishuponabutterfly,"May 30, 2018","WoWZa! This is soooo kick butt! The mood, it hits spot on. If only I could write like that. This style of writing is probably the most artistic.",1 Reply
CROWN OF GLASS,CookiesnCream133,"May 29, 2018","This comment may be offensive. Mood, that shit is too good",1 Reply
CROWN OF GLASS,kaloned,"May 21, 2018",my weakness,Reply
CROWN OF GLASS,kaloned,"May 21, 2018",iconic,Reply
CROWN OF GLASS,kaloned,"May 21, 2018",s t u n n i n g,Reply
CROWN OF GLASS,godavariflowsby,"May 11, 2018",Bloody rereading this the way I should read my textbooks.,2 Replies
CROWN OF GLASS,godavariflowsby,"May 11, 2018",And we have Edwina incarnate here acting careless and classy. This'll get you in trouble. ğŸ˜‚,2 Replies
CROWN OF GLASS,lowkeyloki__,"May 08, 2018",God-Killer vibe STRONGG,1 Reply
CROWN OF GLASS,lowkeyloki__,"May 08, 2018",You're the only one who has me in their heart aahhh â¤,1 Reply
CROWN OF GLASS,diikless,"May 05, 2018",The mortal instruments ğŸ˜©â¤ï¸â¤ï¸â¤ï¸,1 Reply
CROWN OF GLASS,freckledtears,"May 04, 2018",i like this one,Reply
CROWN OF GLASS,freckledtears,"May 04, 2018","damn, they must be real vicious devils, then  i'm in.",Reply
CROWN OF GLASS,kierstenlillis,"May 01, 2018",This sentence is delicious. You've hooked me. I'm pumped to read this story!,1 Reply
CROWN OF GLASS,katniponbroadway,"Apr 29, 2018","How do you kill a guy? -Hades, Hercules",1 Reply
CROWN OF GLASS,emeralddevil56,"Apr 26, 2018",This is going to sound really stupid but how did you get the line under foreword and the star above it,2 Replies
CROWN OF GLASS,Phorkedel,"Apr 24, 2018",These are the things I came for!,Reply
CROWN OF GLASS,twilight_shadows,"Apr 21, 2018",Deep stuff,Reply
CROWN OF GLASS,twilight_shadows,"Apr 21, 2018",Narniaâ¤,Reply
CROWN OF GLASS,twilight_shadows,"Apr 21, 2018",AwwwğŸ˜­ and dedication though,Reply
CROWN OF GLASS,twilight_shadows,"Apr 21, 2018",ğŸ˜,Reply
CROWN OF GLASS,In-ter-lude,"Apr 21, 2018", #bbn,Reply
CROWN OF GLASS,deathplants,"Apr 11, 2018",OMG HOW IN THE FRICK DO YOU WRITE SO WELL,Reply
CROWN OF GLASS,nipslipss,"Apr 04, 2018",Yess,Reply
CROWN OF GLASS,nipslipss,"Apr 04, 2018",Motivator,Reply
CROWN OF GLASS,nipslipss,"Apr 04, 2018",This comment may be offensive. Mood that shit is addictive,Reply
CROWN OF GLASS,nipslipss,"Apr 04, 2018",Aah yes please,Reply
CROWN OF GLASS,nipslipss,"Apr 04, 2018",Ye is welcome,Reply
CROWN OF GLASS,nipslipss,"Apr 04, 2018",Omg I love,Reply
CROWN OF GLASS,nipslipss,"Apr 04, 2018",Fuk yea,Reply
CROWN OF GLASS,Dreamer1852,"Mar 31, 2018",This already sounds so intense........I'm sooooo excited to read ahead.....,Reply
CROWN OF GLASS,Rowaelin_Whitethorn,"Mar 26, 2018",Percy you want to come here to talk to your father and you know tell him that you are going to propose to Annabeth in a really cute and romantic way,1 Reply
CROWN OF GLASS,kiwiwhore,"Mar 23, 2018",Shook,Reply
CROWN OF GLASS,kiwiwhore,"Mar 23, 2018",I love greek mythology,Reply
CROWN OF GLASS,kiwiwhore,"Mar 23, 2018",awe,Reply
CROWN OF GLASS,kiwiwhore,"Mar 23, 2018",beautiful,Reply
CROWN OF GLASS,kiwiwhore,"Mar 23, 2018",I'm hooked already,Reply
CROWN OF GLASS,PluckThatPeach,"Mar 21, 2018",WHY ARE MY VOTES DISAPPEARING! F U WP,Reply
CROWN OF GLASS,AndIOopwhat,"Mar 14, 2018",Wow :/ ready for this,1 Reply
CROWN OF GLASS,iIyiad,"Mar 07, 2018",same,Reply
CROWN OF GLASS,NYPHTHOS,"Feb 28, 2018",too soon  Ramsay is offended,1 Reply
CROWN OF GLASS,-,"Feb 21, 2018",Awwwww,Reply
CROWN OF GLASS,NotSoLovableLily,"Feb 19, 2018",Author-Chan is so sweet. Iâ€™m already in loooveeeee (with this book). BINGE READINGGGGGG,Reply
CROWN OF GLASS,Kumqhuat,"Feb 14, 2018",Damn now Iâ€™m scared.,Reply
CROWN OF GLASS,Kumqhuat,"Feb 14, 2018",Icons.,Reply
CROWN OF GLASS,Kumqhuat,"Feb 14, 2018","My favorite type of books, Iâ€™m ready.",Reply
CROWN OF GLASS,Lavender_Eyes03,"Feb 05, 2018","*shaves my head in advance* Way ahead of ya :p  I'm a tough nut to crack Bet you I wouldn't cry  *walks away like a boss and trip on my shoe lace* .... ....  .... ...is it raining from my eyes again?  :"")",1 Reply
CROWN OF GLASS,Lavender_Eyes03,"Feb 05, 2018",*steps to the front of the crowd* Ex-squeeze me while I shuffle my fat azz in your heart  Lol,1 Reply
CROWN OF GLASS,acentrix,"Feb 01, 2018",AHHH IM OBSESSED,Reply
CROWN OF GLASS,acentrix,"Feb 01, 2018",GOT SHIVERS AND CHILLS I LEGIT CANT EVEN,1 Reply
CROWN OF GLASS,acentrix,"Feb 01, 2018",YAS,Reply
CROWN OF GLASS,acentrix,"Feb 01, 2018",Bring it lol,1 Reply
CROWN OF GLASS,acentrix,"Feb 01, 2018",Im in,Reply
CROWN OF GLASS,acentrix,"Feb 01, 2018",Perfect ğŸ‘Œ,Reply
CROWN OF GLASS,acentrix,"Feb 01, 2018",FR ğŸ˜‚,Reply
CROWN OF GLASS,acentrix,"Feb 01, 2018",Slay,Reply
CROWN OF GLASS,acentrix,"Feb 01, 2018",ğŸ˜ğŸ˜ğŸ˜,Reply
CROWN OF GLASS,hippoprimpo,"Jan 29, 2018",margaery my queen,1 Reply
CROWN OF GLASS,Mardais,"Jan 27, 2018",I have never been this shooketh before,Reply
CROWN OF GLASS,Mardais,"Jan 27, 2018","Hahahaha... Oh, I love how you enjoy watching people suffer #low-key_me",1 Reply
CROWN OF GLASS,Mardais,"Jan 27, 2018","I literally had to start over this book, but I don't mind because I get to relive every moment from the start.  And I love it all over agajn â™¥",1 Reply
CROWN OF GLASS,casejwhite,"Jan 24, 2018",Game of thrones... oh no that's never a good sign ğŸ˜‚ğŸ˜‚. Is it bad it makes me want to read it even more now lol,1 Reply
CROWN OF GLASS,-musings,"Jan 23, 2018",my favorites ever honestly,1 Reply
CROWN OF GLASS,-musings,"Jan 23, 2018",IM SO EXCITED ALREADY,Reply
CROWN OF GLASS,-musings,"Jan 23, 2018",lmao same,1 Reply
CROWN OF GLASS,aphotiicsouls,"Jan 20, 2018",ğŸ˜,Reply
CROWN OF GLASS,chaotichearts-,"Jan 16, 2018",Tristan,Reply
CROWN OF GLASS,chaotichearts-,"Jan 16, 2018",Eric,Reply
CROWN OF GLASS,chaotichearts-,"Jan 16, 2018",Drusilla,Reply
CROWN OF GLASS,chaotichearts-,"Jan 16, 2018",Edwina,1 Reply
CROWN OF GLASS,varsityreadingteam,"Jan 16, 2018",Yesssssss,Reply
CROWN OF GLASS,HighClassGothTrash,"Jan 12, 2018",*Fourth,Reply
CROWN OF GLASS,HighClassGothTrash,"Jan 12, 2018","This comment may be offensive. Take my FUCKING heart right now author. I've been in watttpad for 5 years now, seen many good books like hollow ball and fourt protector, this is one of my favourite.",2 Replies
CROWN OF GLASS,-,"Jan 10, 2018",Sounds like someone I know who begins with a j and ends with asmine,Reply
CROWN OF GLASS,J3551CAsW0RLD,"Jan 10, 2018",Your a fÃ»Ã§kÄ«Ã±g Goddess this book hasnâ€™t even started yet and Iâ€™m already shook,1 Reply
CROWN OF GLASS,B00kw0rm17,"Jan 09, 2018",Your very welcomeeeee,Reply
CROWN OF GLASS,B00kw0rm17,"Jan 09, 2018",Ngawwwwww. Feels,Reply
CROWN OF GLASS,B00kw0rm17,"Jan 09, 2018",I get the feeling I love this story already,1 Reply
CROWN OF GLASS,B00kw0rm17,"Jan 09, 2018",Your the best authorğŸ˜ğŸ’–,1 Reply
CROWN OF GLASS,ghoulbitch,"Jan 08, 2018",me,Reply
CROWN OF GLASS,chocolateaddict17,"Jan 07, 2018",amazeballs,1 Reply
CROWN OF GLASS,chocolateaddict17,"Jan 07, 2018","shookening, this seems interesting.",1 Reply
CROWN OF GLASS,BlueHearted_Rose,"Jan 07, 2018",I LOVE THIS QUOTE,1 Reply
CROWN OF GLASS,BlueHearted_Rose,"Jan 07, 2018",My kinda man ğŸ˜‰ğŸ˜ğŸ˜‚,2 Replies
CROWN OF GLASS,noorasim11,"Jan 06, 2018",I thought I recognized the quote in the beginning of your blurb. I was like whatâ€™s Queen Margery doing here? And then I read Lord Starkâ€™s quote and thatâ€™s what intrigued me into reading this,1 Reply
CROWN OF GLASS,godavariflowsby,"Jan 06, 2018",True.,Reply
CROWN OF GLASS,godavariflowsby,"Jan 06, 2018",Well said. Well said.,Reply
CROWN OF GLASS,godavariflowsby,"Jan 06, 2018",OMG I already love this author!,1 Reply
CROWN OF GLASS,godavariflowsby,"Jan 06, 2018",I like the way it's put,Reply
CROWN OF GLASS,mahithakr,"Jan 05, 2018",I put this in my â€˜to be readâ€™ list but seriously I canâ€™t wait Iâ€™m starting now ğŸ˜‚,1 Reply
CROWN OF GLASS,polinaiiv,"Jan 04, 2018",And iâ€™ll be watching too,Reply
CROWN OF GLASS,ideoIogies,"Jan 03, 2018",THIS QUOTE IS SO SOSOSOSOSOSOSO TRUE,1 Reply
CROWN OF GLASS,ideoIogies,"Jan 03, 2018",DAMNNN WHATTTTTTTT I HAVE NO WORDS FOR THIS BEAUTIFUL EPIGRAPHHHH,1 Reply
CROWN OF GLASS,ideoIogies,"Jan 03, 2018",AHHH THIS IS ART,Reply
CROWN OF GLASS,ideoIogies,"Jan 03, 2018",YOU ARE AMAZING AT THIS,Reply
CROWN OF GLASS,ideoIogies,"Jan 03, 2018",I AM IN LOOOOOVE OMG,Reply
CROWN OF GLASS,ideoIogies,"Jan 03, 2018",why did you write this so well like please teach me how,Reply
CROWN OF GLASS,ideoIogies,"Jan 03, 2018",I CAN TELL THIS WILL BE GREAT,Reply
CROWN OF GLASS,ideoIogies,"Jan 03, 2018",CONGRATS GURLFRAND,1 Reply
CROWN OF GLASS,ideoIogies,"Jan 03, 2018",bahhaa nice image you got in my head there,Reply
CROWN OF GLASS,ideoIogies,"Jan 03, 2018",was i really just reported?? thanks wattpad??,1 Reply
CROWN OF GLASS,ideoIogies,"Jan 03, 2018","This comment may be offensive. i have not watched game of thrones yet, so do not kill me if i'm as dumb as a doorknob at times",2 Replies
CROWN OF GLASS,ideoIogies,"Jan 03, 2018","AH WELL, 'tis life, i'm afraid",1 Reply
CROWN OF GLASS,ideoIogies,"Jan 03, 2018",TITLE REFERENCE ALREADY I'M-  WHATT i have been slayed and this book is the death of me but i'm so glad it is,1 Reply
CROWN OF GLASS,ideoIogies,"Jan 03, 2018",well that hurts  BUT I LIKE IT,Reply
CROWN OF GLASS,ideoIogies,"Jan 03, 2018",ahahaha,Reply
CROWN OF GLASS,ideoIogies,"Jan 03, 2018",oh wow hahha,Reply
CROWN OF GLASS,ideoIogies,"Jan 03, 2018",why thank you??,Reply
CROWN OF GLASS,ideoIogies,"Jan 03, 2018",AWEH,Reply
CROWN OF GLASS,ideoIogies,"Jan 03, 2018",HAHAHHAHAHAHA OMG SAME WHAT,Reply
CROWN OF GLASS,ideoIogies,"Jan 03, 2018",i cannot wait,Reply
CROWN OF GLASS,ideoIogies,"Jan 03, 2018",well i can't say i haven't done a lot of that before! and two years?? damn girl,1 Reply
CROWN OF GLASS,ideoIogies,"Jan 03, 2018",oh my goodness you must have so much room in your heart  mind if i throw a party in here?,1 Reply
CROWN OF GLASS,ideoIogies,"Jan 03, 2018",YAAAAS,Reply
CROWN OF GLASS,ideoIogies,"Jan 03, 2018",WOW I'M STUNNED??,1 Reply
CROWN OF GLASS,magdaIene,"Jan 02, 2018",always a slut for this,1 Reply
CROWN OF GLASS,magdaIene,"Jan 02, 2018",i feel you girl! took me way too many years and two accounts to finally post a book! LMFAO iâ€™m happy you finally got the courage though so we can be blessed w ur writing ğŸ‘ŒğŸ½,1 Reply
CROWN OF GLASS,magdaIene,"Jan 02, 2018",THE AMOUNT OF GoT REFERENCES IM SEEING IN THIS BOOK IS ALREADY MAKING ME LOVE THIS BOOK EVEN MORE,1 Reply
CROWN OF GLASS,1-800-LUSTING,"Jan 02, 2018",This comment may be offensive. well shit,Reply
CROWN OF GLASS,1-800-LUSTING,"Jan 02, 2018",I love you too,Reply
CROWN OF GLASS,1-800-LUSTING,"Jan 02, 2018",you're extraordinary,Reply
CROWN OF GLASS,polinaiiv,"Dec 31, 2017",DUN. DUN. DUUUUUN.,Reply
CROWN OF GLASS,polinaiiv,"Dec 31, 2017","How do you kill a God: You will need: -cookies. Gods can only be lured out with cookies -and a frying pan. You can do a hell of many things with a frying pan, trust me.",3 Replies
CROWN OF GLASS,polinaiiv,"Dec 31, 2017",Roman Gods? Someone has b en reading Percy Jacksooooon ğŸ˜‰,1 Reply
CROWN OF GLASS,euterpes,"Dec 29, 2017",your writing should be worshipped...,1 Reply
CROWN OF GLASS,euterpes,"Dec 29, 2017","damn, iâ€™m hooked.",Reply
CROWN OF GLASS,euterpes,"Dec 29, 2017","one sentence, and iâ€™m already utterly captivated.",Reply
CROWN OF GLASS,otakuwriter101,"Dec 27, 2017",YOU MY FRIEND HAVE CAPTURED MY HEART TAKE IT,1 Reply
CROWN OF GLASS,dobrienly,"Dec 24, 2017",SHOOOOKKKKKK,Reply
CROWN OF GLASS,dobrienly,"Dec 24, 2017",your writing is beautiful,Reply
CROWN OF GLASS,dobrienly,"Dec 24, 2017",I AM ACTUALLY SWOONING YOUR WRITING IS JUST â¤ï¸,2 Replies
CROWN OF GLASS,dobrienly,"Dec 24, 2017",idikdnidjdjtnrkkfoe,Reply
CROWN OF GLASS,dobrienly,"Dec 24, 2017",lovelovelove,Reply
CROWN OF GLASS,dobrienly,"Dec 24, 2017",your writing â¤ï¸,Reply
CROWN OF GLASS,dobrienly,"Dec 24, 2017",have you read the infernal devices?,1 Reply
CROWN OF GLASS,dobrienly,"Dec 24, 2017",AAAHHHHH I LOVE THESE ALL,Reply
CROWN OF GLASS,dobrienly,"Dec 24, 2017",TAKE ME NOW,Reply
CROWN OF GLASS,dobrienly,"Dec 24, 2017",!!!!!,Reply
CROWN OF GLASS,dobrienly,"Dec 24, 2017",your motivation is inspiring,1 Reply
CROWN OF GLASS,dobrienly,"Dec 24, 2017",youâ€™re so adorable â¤ï¸,1 Reply
CROWN OF GLASS,dobrienly,"Dec 24, 2017",MOOD,Reply
CROWN OF GLASS,dobrienly,"Dec 24, 2017",ok but your summary literally left me shook???,1 Reply
CROWN OF GLASS,Ammaxx,"Dec 23, 2017",Wow,Reply
CROWN OF GLASS,Ammaxx,"Dec 23, 2017",ğŸ’•,Reply
CROWN OF GLASS,browncommas,"Dec 23, 2017",okay damn,1 Reply
CROWN OF GLASS,diddy-bop,"Dec 21, 2017",iâ€™m flattered,1 Reply
CROWN OF GLASS,-lovealwaystatiana,"Dec 21, 2017",now THIS is a quote hunty!,Reply
CROWN OF GLASS,-lovealwaystatiana,"Dec 21, 2017",i- wow this- idek what to say this was amazing wow,1 Reply
CROWN OF GLASS,-lovealwaystatiana,"Dec 21, 2017",ZEUS OMG,1 Reply
CROWN OF GLASS,-lovealwaystatiana,"Dec 21, 2017",well i mean ..,Reply
CROWN OF GLASS,-lovealwaystatiana,"Dec 21, 2017",hm idk maybe telepathically?,Reply
CROWN OF GLASS,-lovealwaystatiana,"Dec 21, 2017",congratulations,1 Reply
CROWN OF GLASS,-lovealwaystatiana,"Dec 21, 2017",im literally in love with greek mythology,1 Reply
CROWN OF GLASS,-lovealwaystatiana,"Dec 21, 2017",OMG MY FAVES,1 Reply
CROWN OF GLASS,-lovealwaystatiana,"Dec 21, 2017",im honestly ready idc,1 Reply
CROWN OF GLASS,-lovealwaystatiana,"Dec 21, 2017",can i come?,1 Reply
CROWN OF GLASS,-lovealwaystatiana,"Dec 21, 2017",chilee theyâ€™re probably fine as wine,1 Reply
CROWN OF GLASS,-lovealwaystatiana,"Dec 21, 2017",thatâ€™s sounds awesome,1 Reply
CROWN OF GLASS,-lovealwaystatiana,"Dec 21, 2017",i love you too sweets,Reply
CROWN OF GLASS,-lovealwaystatiana,"Dec 21, 2017",bless her heart,1 Reply
CROWN OF GLASS,-lovealwaystatiana,"Dec 21, 2017",OH WOW UM ME.,1 Reply
CROWN OF GLASS,-lovealwaystatiana,"Dec 21, 2017",awe thank you,1 Reply
CROWN OF GLASS,ohdeerhoney,"Dec 21, 2017",Shouldn't this not be capitalized?,1 Reply
CROWN OF GLASS,yassypants,"Dec 21, 2017",three of my favorite things,1 Reply
CROWN OF GLASS,-,"Dec 21, 2017",Pay attention kids.,1 Reply
CROWN OF GLASS,lolly212,"Dec 18, 2017",Yaass,Reply
CROWN OF GLASS,lolly212,"Dec 18, 2017",Fantastic,Reply
CROWN OF GLASS,silentlywhispering,"Dec 18, 2017",shite,Reply
CROWN OF GLASS,silentlywhispering,"Dec 18, 2017",YES,1 Reply
CROWN OF GLASS,silentlywhispering,"Dec 18, 2017",â¤,Reply
CROWN OF GLASS,silentlywhispering,"Dec 18, 2017",RELATE.,2 Replies
CROWN OF GLASS,silentlywhispering,"Dec 18, 2017",oh wow thanks?,1 Reply
CROWN OF GLASS,GlaireMannon,"Dec 18, 2017",YOUR BOOK HASNT STARTED YET AND IM SHOOK,1 Reply
CROWN OF GLASS,7BlueDayDreams,"Dec 17, 2017",First line and I am in love. ğŸ˜ğŸ˜ğŸ˜,2 Replies
CROWN OF GLASS,Faffacake,"Dec 17, 2017","Dang son, thatâ€™s quite a feat",1 Reply
CROWN OF GLASS,Faffacake,"Dec 17, 2017",Sounds festive!,Reply
CROWN OF GLASS,-,"Dec 16, 2017",ğŸ˜ we love you too,1 Reply
CROWN OF GLASS,sxnsas,"Dec 15, 2017",MARGAERY !!,1 Reply
CROWN OF GLASS,chaotichearts-,"Dec 14, 2017",Tristan??,2 Replies
CROWN OF GLASS,KeelyVictoria,"Dec 14, 2017",The best kind of ship that there is!!!,1 Reply
CROWN OF GLASS,beezgobuzz,"Dec 13, 2017",Is this story also inspired by the 'Throne of Glass' series? The titles are so familiar and I'm sure others have pointed this out as well.,1 Reply
CROWN OF GLASS,Skullbombraging,"Dec 12, 2017",I like this quote very much.,1 Reply
CROWN OF GLASS,Evie1031,"Dec 10, 2017","Ooooh I haven't started reading yet, but I'm really excited",2 Replies
CROWN OF GLASS,PearlLove16,"Dec 09, 2017",This is going to make me go crazy lol. But Iâ€™ll be over the moon when they finally realize they are perfect for each other ğŸ˜,1 Reply
CROWN OF GLASS,PearlLove16,"Dec 09, 2017",By the time Iâ€™m done reading this book you and your characters will probably have a spot in my heart ğŸ˜„,2 Replies
CROWN OF GLASS,trivialpotter,"Dec 08, 2017",the best kind,Reply
CROWN OF GLASS,trivialpotter,"Dec 08, 2017",boy i dont read fantasy BUT THIS ALREADY HAS ME HOOKED,2 Replies
CROWN OF GLASS,justlikecallie,"Dec 08, 2017","Welp, I'm in.",1 Reply
CROWN OF GLASS,halimalfoy,"Dec 06, 2017",i know the next book i'm going to binge read now,1 Reply
CROWN OF GLASS,amateurinresidence,"Dec 05, 2017",I'm ready.,1 Reply
CROWN OF GLASS,amateurinresidence,"Dec 05, 2017",I love this aesthetic...,1 Reply
CROWN OF GLASS,AndraVoicu,"Dec 05, 2017",ğŸ˜‚ğŸ˜‚,Reply
CROWN OF GLASS,akans6,"Dec 02, 2017",AHHHH THE MORTAL INSTRUMENTS ğŸ˜ğŸ˜,Reply
CROWN OF GLASS,StarryNightOwls,"Dec 01, 2017","ZEUS MA MAN. PERCY, YOU NEEDA WASH THIS GODâ€™s HANDS",5 Replies
CROWN OF GLASS,contemplation-,"Nov 23, 2017","wow, that's amazing! props to you. i would have given up by now lol",1 Reply
CROWN OF GLASS,aaasteriia,"Nov 18, 2017",*orgasms*,1 Reply
CROWN OF GLASS,aaasteriia,"Nov 18, 2017",Now im in love,3 Replies
CROWN OF GLASS,sensibae,"Nov 15, 2017",this is such a great hook!!?! consider me snatching my wig,Reply
CROWN OF GLASS,sensibae,"Nov 15, 2017",OH SO THATâ€™S WHY GAME OF THRONES AHDJSJ OK I AM GONE ALSO TMI I AM BLESSED,2 Replies
CROWN OF GLASS,sensibae,"Nov 15, 2017",same,Reply
CROWN OF GLASS,sensibae,"Nov 15, 2017","omg this reminds me margaery tyrell, this is great fjjsksjksak!?!",10 Replies
CROWN OF GLASS,sensibae,"Nov 15, 2017",I am ready to read this,1 Reply
CROWN OF GLASS,firebendings,"Nov 14, 2017",mood,Reply
CROWN OF GLASS,firebendings,"Nov 14, 2017",i love u more,1 Reply
CROWN OF GLASS,firebendings,"Nov 14, 2017",heck yea,Reply
CROWN OF GLASS,firebendings,"Nov 14, 2017",ooh yes,2 Replies
CROWN OF GLASS,goldfyres,"Nov 12, 2017",This is sooo good,1 Reply
CROWN OF GLASS,goldfyres,"Nov 12, 2017",I knew youâ€™d love me,1 Reply
CROWN OF GLASS,fschrstars,"Nov 12, 2017",that is some good advice right there,1 Reply
CROWN OF GLASS,movedonsis,"Nov 11, 2017",yes the truth,1 Reply
CROWN OF GLASS,movedonsis,"Nov 11, 2017",*looks at the camera like im in The Office*,Reply
CROWN OF GLASS,movedonsis,"Nov 11, 2017",probably too early for this but we are getting married,1 Reply
CROWN OF GLASS,movedonsis,"Nov 11, 2017",LET US NOT,1 Reply
CROWN OF GLASS,movedonsis,"Nov 11, 2017",well they can call me up when im ready to die. we can definitely arrange something,Reply
CROWN OF GLASS,movedonsis,"Nov 11, 2017",mmmm magically delicious,1 Reply
CROWN OF GLASS,movedonsis,"Nov 11, 2017",looks like im going to be gay the entire book,Reply
CROWN OF GLASS,movedonsis,"Nov 11, 2017",i guess ill be the shitass and say youre probably the first ğŸ˜‚,1 Reply
CROWN OF GLASS,movedonsis,"Nov 11, 2017",this is entirely sweet,1 Reply
CROWN OF GLASS,movedonsis,"Nov 11, 2017",this was very poetic in a lowkey way,1 Reply
CROWN OF GLASS,movedonsis,"Nov 11, 2017",UH. ME.,1 Reply
CROWN OF GLASS,movedonsis,"Nov 11, 2017",OH MY GOOOOOD,1 Reply
CROWN OF GLASS,movedonsis,"Nov 11, 2017","damn, two? try six. ğŸ˜©ğŸ˜©ğŸ˜©ğŸ˜©",6 Replies
CROWN OF GLASS,movedonsis,"Nov 11, 2017",oh nice,1 Reply
CROWN OF GLASS,movedonsis,"Nov 11, 2017",this is godly,1 Reply
CROWN OF GLASS,collaterals,"Nov 08, 2017",Like Roman gods? Bc those sweet creatures are ruthless af,4 Replies
CROWN OF GLASS,4llyxox,"Nov 06, 2017","IM IN LOVE WITH THIS ALREADY....AND ITS NOT EVEN STARTED YET, PLUS IM YOURE JUDGE LMAO",1 Reply
CROWN OF GLASS,4llyxox,"Nov 06, 2017",LMAO SAME GIRL,1 Reply
CROWN OF GLASS,offtojupiter,"Nov 03, 2017",THIS BOOK IS AWESOME!!!,Reply
CROWN OF GLASS,PluckThatPeach,"Oct 30, 2017",THAT BANNER IS ğŸ˜,1 Reply
CROWN OF GLASS,reverielles,"Oct 30, 2017",â€œA GOD FOR A GODâ€ OMG I AM SO READYYY,1 Reply
CROWN OF GLASS,reverielles,"Oct 30, 2017",I LOVE THIS,1 Reply
CROWN OF GLASS,reverielles,"Oct 30, 2017",NO NOT SLOW BURN!! I REALLY AM GONNA PULL MY HAIR OUT,1 Reply
CROWN OF GLASS,reverielles,"Oct 30, 2017",HOW DELIGHTFUL,1 Reply
CROWN OF GLASS,reverielles,"Oct 30, 2017",I LOVE YOU TOO ELS,1 Reply
CROWN OF GLASS,reverielles,"Oct 30, 2017",I KNOW IM SO AMAZING ğŸ’…,1 Reply
CROWN OF GLASS,PluckThatPeach,"Oct 29, 2017",THALIA WHERE U AT GIRL,1 Reply
CROWN OF GLASS,PluckThatPeach,"Oct 29, 2017",I just imagined my chem teacher saying that,1 Reply
CROWN OF GLASS,PluckThatPeach,"Oct 29, 2017",*calls percy*   BOIII YOUR DAD IS HEREEE,1 Reply
CROWN OF GLASS,PluckThatPeach,"Oct 29, 2017",THATS MY BOYâ€™S FATHER,1 Reply
CROWN OF GLASS,PluckThatPeach,"Oct 29, 2017",Thatâ€™s what she said ..,1 Reply
CROWN OF GLASS,tsaikovsky,"Oct 25, 2017",bear grylls smh,1 Reply
CROWN OF GLASS,tsaikovsky,"Oct 25, 2017",o m g,1 Reply
CROWN OF GLASS,tsaikovsky,"Oct 25, 2017",sounds like someone else whoâ€™s got coffee in their veins,1 Reply
CROWN OF GLASS,tsaikovsky,"Oct 25, 2017",can I just say before ur foreword that I read ur synopsis but there was no comment option out there and my o my does it hook the oblivious fish,1 Reply
CROWN OF GLASS,tsaikovsky,"Oct 25, 2017",the wit <3,Reply
CROWN OF GLASS,tsaikovsky,"Oct 25, 2017",omg,1 Reply
CROWN OF GLASS,_logogriph,"Oct 20, 2017",Amazing,1 Reply
CROWN OF GLASS,SagittariustotheT,"Oct 18, 2017",ğŸ˜™ğŸ˜™,Reply
CROWN OF GLASS,SagittariustotheT,"Oct 18, 2017",Bless you,1 Reply
CROWN OF GLASS,inkscopy,"Oct 16, 2017",inkie sees ink,Reply
CROWN OF GLASS,astonishinglyy,"Oct 13, 2017",Blood Sweat and  Tears,Reply
CROWN OF GLASS,In-ter-lude,"Oct 12, 2017",SLAY SIS,1 Reply
CROWN OF GLASS,glass-dandelions,"Oct 10, 2017","SHOOKETH   I came here to make my payment for the graphics, but DAYUM you got my bloody attention.",1 Reply
CROWN OF GLASS,offtojupiter,"Oct 09, 2017","How do you vote again?  *sends infinite votes your way* HERE, FOR YOU!",1 Reply
CROWN OF GLASS,offtojupiter,"Oct 09, 2017",same.,1 Reply
CROWN OF GLASS,offtojupiter,"Oct 09, 2017",Of course you are.,1 Reply
CROWN OF GLASS,-,"Oct 09, 2017","""intense",Reply
CROWN OF GLASS,-,"Oct 09, 2017",when you say an intese slow burn ship do you mean that tristan and edwina won't be screwing eachother anytime soon ah well i'LL STILL GET IT THOUGH SO,4 Replies
CROWN OF GLASS,gcgonzalez,"Oct 07, 2017","Amen sister. If you publish this as an actual book, I have already decided I would be the first to buy it.",2 Replies
CROWN OF GLASS,gcgonzalez,"Oct 07, 2017",Holy crap I am SHOOK.,1 Reply
CROWN OF GLASS,gcgonzalez,"Oct 07, 2017",I like this one the best.,1 Reply
CROWN OF GLASS,gcgonzalez,"Oct 07, 2017",NARNIA! I LOVE NARNIA! DO YOU HAVE AN EDMUND CHARATER?,2 Replies
CROWN OF GLASS,gcgonzalez,"Oct 07, 2017",*grabs popcorn and tissues and the Muses from Hercules*,Reply
CROWN OF GLASS,gcgonzalez,"Oct 07, 2017",Bring it!,Reply
CROWN OF GLASS,gcgonzalez,"Oct 07, 2017",Lol. Rhysand and Peter Maximoff ruined mine so I'm ready.,1 Reply
CROWN OF GLASS,sleezbot,"Oct 07, 2017",im! ready!,1 Reply
CROWN OF GLASS,sleezbot,"Oct 07, 2017",ayeayeyaye,Reply
CROWN OF GLASS,blueberrings,"Oct 06, 2017",i love this so much,Reply
CROWN OF GLASS,blueberrings,"Oct 06, 2017",GOOSEBUMPS AYE,1 Reply
CROWN OF GLASS,blueberrings,"Oct 06, 2017","sounds like a lot of effort tho, is there an easier way out?",1 Reply
CROWN OF GLASS,blueberrings,"Oct 06, 2017",love thisâ¤ï¸,Reply
CROWN OF GLASS,blueberrings,"Oct 06, 2017","idk man, u can try and throw him off a cliff or something",1 Reply
CROWN OF GLASS,blueberrings,"Oct 06, 2017",makes me so happy seeing that you've won all these awards :'),Reply
CROWN OF GLASS,blueberrings,"Oct 06, 2017",congrats omg!!,Reply
CROWN OF GLASS,blueberrings,"Oct 06, 2017",i'll help,Reply
CROWN OF GLASS,blueberrings,"Oct 06, 2017",i love greek mythology aye,Reply
CROWN OF GLASS,blueberrings,"Oct 06, 2017",THE MORTAL INSTRUMENTS NO THAT IS MY LITERAL WORLD YOU DON'T UNDERSTAND YESSS,Reply
CROWN OF GLASS,blueberrings,"Oct 06, 2017",*sips the tea* tastes just fine to me,Reply
CROWN OF GLASS,blueberrings,"Oct 06, 2017",lowkey already invested in this ship whoops,Reply
CROWN OF GLASS,blueberrings,"Oct 06, 2017",dayum,Reply
CROWN OF GLASS,blueberrings,"Oct 06, 2017",oh my god so ready,Reply
CROWN OF GLASS,blueberrings,"Oct 06, 2017",AYYY,Reply
CROWN OF GLASS,blueberrings,"Oct 06, 2017","oh, a lot of people are, it doesn't faze me anymore",1 Reply
CROWN OF GLASS,blueberrings,"Oct 06, 2017",awğŸ’,Reply
CROWN OF GLASS,blueberrings,"Oct 06, 2017",but why was that tiny phrase such a beautiful piece of art tho,1 Reply
CROWN OF GLASS,blueberrings,"Oct 06, 2017", #relatable,1 Reply
CROWN OF GLASS,blueberrings,"Oct 06, 2017",*takes a deep breath* i'm ready,1 Reply
CROWN OF GLASS,blueberrings,"Oct 06, 2017",ahahah,Reply
CROWN OF GLASS,blueberrings,"Oct 06, 2017",i love this omg,3 Replies
CROWN OF GLASS,RimAiramAnum,"Sep 29, 2017",Congrats ğŸ‘ğŸ‘â¤ï¸â¤ï¸,2 Replies
CROWN OF GLASS,RimAiramAnum,"Sep 29, 2017",Crap,1 Reply
CROWN OF GLASS,RimAiramAnum,"Sep 29, 2017",The most relatable thing ive ever read,Reply
CROWN OF GLASS,marwards,"Sep 27, 2017",Hey! I really think youâ€™re a great writer! Can you pls enter my writing contest? Thank you so much!â¤ï¸â¤ï¸â¤ï¸,2 Replies
CROWN OF GLASS,twilight_shadows,"Sep 26, 2017",Narniaaaâ¤â¤,1 Reply
CROWN OF GLASS,djcutesy,"Sep 25, 2017","Well, how sweet...â™¡â™¡â™¡",1 Reply
CROWN OF GLASS,-,"Sep 23, 2017","ZEUS, IS THAT YOU? WOW RICK RIORDON WAS SO WRONG.",Reply
CROWN OF GLASS,-,"Sep 23, 2017","ZEUS, IS THAT YOU? WOW RICK RIORDON WAS SO WRONG.",1 Reply
CROWN OF GLASS,-,"Sep 23, 2017",Poseidon [ I'm probably spamming you],2 Replies
CROWN OF GLASS,-,"Sep 23, 2017",GAWWDDD,Reply
CROWN OF GLASS,-,"Sep 23, 2017",That's the cue for her to die.,2 Replies
CROWN OF GLASS,-,"Sep 23, 2017",I am athena lmaoğŸ˜‚,3 Replies
CROWN OF GLASS,-,"Sep 23, 2017",OML I LOVE YOU ALREADY TMI AND GoT,4 Replies
CROWN OF GLASS,-,"Sep 23, 2017",Ooinggg,Reply
CROWN OF GLASS,-,"Sep 23, 2017",Who is that? William Herondale? ğŸ˜‚,3 Replies
CROWN OF GLASS,-,"Sep 23, 2017",Yes. I totally relate.,Reply
CROWN OF GLASS,-,"Sep 23, 2017",I AM SORRY BTS,Reply
CROWN OF GLASS,mariam_73,"Sep 22, 2017",I loooove coffee,3 Replies
CROWN OF GLASS,gulabjamuns,"Sep 20, 2017",Okay Ramsay ğŸ˜‚,4 Replies
CROWN OF GLASS,gulabjamuns,"Sep 20, 2017",I love you too â¤ï¸â¤ï¸â¤ï¸,1 Reply
CROWN OF GLASS,gulabjamuns,"Sep 20, 2017","I'm sorry, I'm in such a BTS mood these days, that just hearing that phrase makes me think of their song ğŸ˜‚ğŸ˜‚ğŸ˜‚",3 Replies
CROWN OF GLASS,DelhiBelly,"Sep 19, 2017","You changed the cover of COG! I liked the old one visually but this one is more apt for the book. Gives a feel, you know?",1 Reply
CROWN OF GLASS,adityadd,"Sep 19, 2017",Whoo like Sansa XD,7 Replies
CROWN OF GLASS,BEOCHAOINEADH,"Sep 17, 2017",I agree with this statement,Reply
CROWN OF GLASS,BEOCHAOINEADH,"Sep 17, 2017",Holy shÄ¯t I just got goosebumps,1 Reply
CROWN OF GLASS,BEOCHAOINEADH,"Sep 17, 2017",It's strange how the first one says gods cannot be killed but the rest are saying but it's not death,2 Replies
CROWN OF GLASS,-,"Sep 17, 2017",*tea,Reply
CROWN OF GLASS,-,"Sep 17, 2017","they're my cup of coffee, not tee SO IM THERE",Reply
CROWN OF GLASS,BEOCHAOINEADH,"Sep 17, 2017",I absolutely love Epigraph.,1 Reply
CROWN OF GLASS,-,"Sep 17, 2017",reLATABLE AF,Reply
CROWN OF GLASS,BEOCHAOINEADH,"Sep 17, 2017",Well gods can die if nobody believes in them,1 Reply
CROWN OF GLASS,-,"Sep 17, 2017","THIS MADE YOU CRY SEE, THE FIRST THING THAT ENTERS MY MIND AT THIS IS THAT HADES MIGHT HAVE CHEATED ON PERSEPHONE OR TAKEN ANOTHER WOMAN AS WELL OR JUST HADES DID SOMETHING TO PERSEPHONE  AND THEN I DECIDE TO HAVE A LITTLE TALK WITH HADES AFTER I FIGH- I MEAN, HAVE A POLITE CONVERSATION WITH ZEUS.  BUT ALSO, I MIGHT BE WRONG, SO OKAY",4 Replies
CROWN OF GLASS,BEOCHAOINEADH,"Sep 17, 2017",Throw him into hellfire,1 Reply
CROWN OF GLASS,BEOCHAOINEADH,"Sep 17, 2017",Savage,1 Reply
CROWN OF GLASS,BEOCHAOINEADH,"Sep 17, 2017",If this is inspired by Game of thrones you know it's gotta be good,1 Reply
CROWN OF GLASS,BEOCHAOINEADH,"Sep 17, 2017",I know I ain't the kindest kid but I ain't Satan... maybe ğŸ˜,2 Replies
CROWN OF GLASS,BEOCHAOINEADH,"Sep 17, 2017",This is so hilarious that it's true,1 Reply
CROWN OF GLASS,BEOCHAOINEADH,"Sep 17, 2017",I'm loving this,1 Reply
CROWN OF GLASS,Mardais,"Sep 17, 2017",Indeed true!,1 Reply
CROWN OF GLASS,Mardais,"Sep 17, 2017",I AM SHOOK!!!,Reply
CROWN OF GLASS,Mardais,"Sep 17, 2017",Oh ma gad!,Reply
CROWN OF GLASS,Mardais,"Sep 17, 2017",Do something ğŸ˜‚ ğŸ˜‚ ğŸ˜‚ ğŸ˜‚ See? I know things. *proud*,1 Reply
CROWN OF GLASS,Mardais,"Sep 17, 2017",Tell 'em Vis!,1 Reply
CROWN OF GLASS,Mardais,"Sep 17, 2017",I already love this book. All I had to see was Game of Thrones! â™¥â™¥â™¥,2 Replies
CROWN OF GLASS,SoulfullySufficed,"Sep 17, 2017",This god's  response just sent a chill down my spine,1 Reply
CROWN OF GLASS,SoulfullySufficed,"Sep 17, 2017",This epigraph is so unique! You deserve all the awards you've gotten ğŸ˜,1 Reply
CROWN OF GLASS,SoulfullySufficed,"Sep 17, 2017",Ok wow ğŸ˜³,1 Reply
CROWN OF GLASS,brendasime,"Sep 16, 2017",Games Of Thrones ğŸ˜ğŸ˜,1 Reply
CROWN OF GLASS,brendasime,"Sep 16, 2017",One of the most relatable things I've read ğŸ˜‚,1 Reply
CROWN OF GLASS,brendasime,"Sep 16, 2017",This ğŸ˜,1 Reply
CROWN OF GLASS,yomnaameer,"Sep 14, 2017",my heart my soul this is fantastic already,2 Replies
CROWN OF GLASS,yomnaameer,"Sep 14, 2017","u practically grabbed the most amazing things on earth, put them in a mixer and gave this. which i am pretty sure is going go be amazing too.",2 Replies
CROWN OF GLASS,spicedbroccoli,"Sep 13, 2017",I haven't even began and it's already so ahfggggghg,Reply
CROWN OF GLASS,spicedbroccoli,"Sep 13, 2017",I'm shaking,1 Reply
CROWN OF GLASS,spicedbroccoli,"Sep 13, 2017",This is already giving me so much goosebumps,1 Reply
CROWN OF GLASS,spicedbroccoli,"Sep 13, 2017","Right behind ya, El.",1 Reply
CROWN OF GLASS,spicedbroccoli,"Sep 13, 2017",Why is everyone out to get me?,1 Reply
CROWN OF GLASS,spicedbroccoli,"Sep 13, 2017",Hope I don't get on her bad side,1 Reply
CROWN OF GLASS,spicedbroccoli,"Sep 13, 2017",Me too haha â¤,Reply
CROWN OF GLASS,spicedbroccoli,"Sep 13, 2017",Awww. I hope she's seen this too,1 Reply
CROWN OF GLASS,spicedbroccoli,"Sep 13, 2017",I hope they see this ğŸ˜‚ğŸ˜‚ğŸ˜‚ğŸ˜‚,1 Reply
CROWN OF GLASS,gulabjamuns,"Sep 11, 2017",Asdfghjkl,1 Reply
CROWN OF GLASS,gulabjamuns,"Sep 11, 2017",ZEUS???,3 Replies
CROWN OF GLASS,gulabjamuns,"Sep 11, 2017","Wait, how do they become silent after losing their ears?",1 Reply
CROWN OF GLASS,gulabjamuns,"Sep 11, 2017",Just try shooting them though,4 Replies
CROWN OF GLASS,gulabjamuns,"Sep 11, 2017",DAMN,Reply
CROWN OF GLASS,gulabjamuns,"Sep 11, 2017",I'm in love with this story already,2 Replies
CROWN OF GLASS,gulabjamuns,"Sep 11, 2017",THE OTHERS,1 Reply
CROWN OF GLASS,gulabjamuns,"Sep 11, 2017",Idk shoot him or something,1 Reply
CROWN OF GLASS,gulabjamuns,"Sep 11, 2017",I LIKE SLOW BURN OKAY,1 Reply
CROWN OF GLASS,gulabjamuns,"Sep 11, 2017",THIS ğŸ˜‚ğŸ˜‚ğŸ˜‚ğŸ˜‚,1 Reply
CROWN OF GLASS,blankinks,"Sep 11, 2017","Wow, this is incredible",1 Reply
CROWN OF GLASS,blankinks,"Sep 11, 2017","Oh my god, this is gonna be good",1 Reply
CROWN OF GLASS,skypillars,"Sep 09, 2017","Stab him multiple times until he's dead, if he twitches, stab him again. Then burn him.",79 Replies
CROWN OF GLASS,skypillars,"Sep 09, 2017",I've always liked bed this quote..... it's so beautiful and wondrous because of the secrets hiding behind it,12 Replies
CROWN OF GLASS,skypillars,"Sep 09, 2017",*already shipping,5 Replies
CROWN OF GLASS,skypillars,"Sep 09, 2017",*me,8 Replies
CROWN OF GLASS,skypillars,"Sep 09, 2017",Can't wait to meet them because my life is already as it is so this won't do much,1 Reply
CROWN OF GLASS,skypillars,"Sep 09, 2017",*evil smile slowly spreads across face* hehehehehhehe,1 Reply
CROWN OF GLASS,skypillars,"Sep 09, 2017","Yup, most definitely, it's like this..  Step one: you get ready to write after catching sight of an inspirational pin Step two: you catch sight of an aesthetic eye (don't ask why the eye) Step three: you're scrolling through batman pins (and you never know how the heck you even got there)",2 Replies
CROWN OF GLASS,zuramaru-,"Sep 06, 2017",I already love this story.... it's great. I literally usually read anime Fanfiction.... (no bad judgement please.) But this story seems like it's going to be a good one. :)  #BGBC,Reply
CROWN OF GLASS,OakleafRanger372,"Sep 05, 2017"," #BGBC  This isn't the traditional sort of beginning, but it's definitely a great one. I really want to read more.",Reply
CROWN OF GLASS,romanticismskiss,"Sep 01, 2017",He's my second favorite as to the first one,1 Reply
CROWN OF GLASS,romanticismskiss,"Sep 01, 2017",These descriptions are on point,Reply
CROWN OF GLASS,romanticismskiss,"Sep 01, 2017",Why do you not have seven million reads?,1 Reply
CROWN OF GLASS,romanticismskiss,"Sep 01, 2017",Shooketh,1 Reply
CROWN OF GLASS,romanticismskiss,"Sep 01, 2017",Hmmm.,Reply
CROWN OF GLASS,leesconfucius,"Sep 01, 2017",I love you edwina!,2 Replies
CROWN OF GLASS,rubyruins,"Sep 01, 2017",Lol of course they are ğŸ˜‚ğŸ˜‚,Reply
CROWN OF GLASS,romanticismskiss,"Sep 01, 2017",Well dang,1 Reply
CROWN OF GLASS,romanticismskiss,"Sep 01, 2017",I bet their hotğŸ˜‚ğŸ˜‚ did you get it? Ok I'll leave,Reply
CROWN OF GLASS,romanticismskiss,"Sep 01, 2017",Yasssss,1 Reply
CROWN OF GLASS,romanticismskiss,"Sep 01, 2017",Same,1 Reply
CROWN OF GLASS,romanticismskiss,"Sep 01, 2017",Omg,1 Reply
CROWN OF GLASS,-,"Aug 30, 2017",OH MY HOLY LORD WE NEEDED THIS THANK YOU  AND PLEASE MAKE TRUE ON THE SLOW BURN PROMISEğŸ˜ğŸ˜ ATLEAST A KISS PLEASE,1 Reply
CROWN OF GLASS,FrankDavies3,"Aug 30, 2017", #believerBC  I really like the different views and opinions about killing Gods.  Good stuff!,1 Reply
CROWN OF GLASS,Ashia234,"Aug 29, 2017",Loved it. Can't wait to read the rest.,1 Reply
CROWN OF GLASS,thelittlewreck,"Aug 28, 2017",The last one was my favourite!!!,1 Reply
CROWN OF GLASS,crimscntears,"Aug 27, 2017",Dis guy's my favourite.,3 Replies
CROWN OF GLASS,crimscntears,"Aug 27, 2017",I can't help but think of Theon ğŸ˜­,4 Replies
CROWN OF GLASS,crimscntears,"Aug 27, 2017","I don't want to seem annoying, but why's everyone commenting #believerbc?",2 Replies
CROWN OF GLASS,crimscntears,"Aug 27, 2017",ğŸ˜©This is so good,1 Reply
CROWN OF GLASS,TheDreamChronicles,"Aug 21, 2017",What an attention grabber!,3 Replies
CROWN OF GLASS,Natashawallflower,"Aug 16, 2017"," #believerbc  Oh, I am definitely going to enjoy reading this *.*",1 Reply
CROWN OF GLASS,hilmbaeed,"Aug 09, 2017",Wow,Reply
CROWN OF GLASS,hilmbaeed,"Aug 09, 2017",How? ğŸ˜‚ğŸ˜ˆ,Reply
CROWN OF GLASS,-,"Aug 06, 2017"," #believerbc  This chapter was very interesting! It casts an interesting tone for the story and I instantly want to read more! You were very descriptive with some of the gods, and because of that the reader is able to get a picture of the world they are in and the personality of the gods. I'm getting a Greek god vibe, but it's possible you have different gods in mind. I tend to think the chapter was a little short and I was disappointed there was so little. Overall, I think the story has a lot of potential! Good job!",Reply
CROWN OF GLASS,-,"Aug 06, 2017"," #believerbc I love the questions! It really brings rhythm and mystery into the book. However, usually God is only capitalized if there is One God. If there is more than one, usually it is just, a god. So How do you kill a god?",Reply
CROWN OF GLASS,JustBEfreEtoLivE,"Aug 05, 2017"," #believerbc  This was a very good beginning. By asking, again and again, the same question and always answering it with the same conclusion builds up anticipation. it makes you wonder what the actual answer is going to be.  I loved the end. A god for a god, an era for an era. I don't know why, but I loved it.",Reply
CROWN OF GLASS,MadhavaPriyaa,"Jul 30, 2017"," #leisurely This was fantastic! Your grammar is remarkable, and the concept of this story is intriguing. The way you have written the Gods, and their connection with the elements is amazing.  The words that are the most captivating: 'It is not death' How they all have different ways to reach the same destination. It reminded me of Greek mythology, what with the comparison to Zeus, Poseidon and Hades, as well as Persephone (I am guessing) and the Goddess of Snow? Or is it Aphrodite?",Reply
CROWN OF GLASS,rubyruins,"Jul 29, 2017",WOW THAT COMMENTğŸ˜±,Reply
CROWN OF GLASS,spoiledthot,"Jul 29, 2017",Get a goddess on him to set him straight,Reply
CROWN OF GLASS,Snowflakesummer,"Jul 29, 2017"," #believerbc  Very intriguing, it took me a few to realise you were asking the same question to different gods but it was very good! I love how all of them do have different answer yet they all have the same conclusion, it is not death. I can't wait to see the rest of this!",Reply
CROWN OF GLASS,Snowflakesummer,"Jul 29, 2017"," #believerbc  I love how all of them have different answers, very intriguing",Reply
CROWN OF GLASS,JasmanianDevil27,"Jul 29, 2017"," #Leisurely  You've really grabbed my attention with these dialogues; they each hold their own characteristics and scream dangerous. Your optic decorations add a nice touch to it as well. The only thing I MIGHT add if I could find anything that matched, would be music. That might be hard for this part since you don't want to force another story upon your own (say by using Harry Potter themed music). If you used an uncommon piano song though for example, it could help add yet another effect.",9 Replies
CROWN OF GLASS,JasmanianDevil27,"Jul 29, 2017"," #Leisurely   Your description is really good. It mentions a problem that must be solved, maintains an air of mystery, and explains the books setting. The only thing I would add, is having something about the main character so that the reader starts to grow used to them before they even start reading the book.  I absolutely, loove all your quote worthy lines like the one about the wolf and now the pots of stars â¤ï¸",Reply
CROWN OF GLASS,MusicgirlXD,"Jul 29, 2017", #believerBc  Wow I have chills going up my spine. This is amazing. I asume this is going to be the context of the book. I cant wait to read it. It sounds so interesting! :D,Reply
CROWN OF GLASS,christinewonn,"Jul 29, 2017"," #believerbc  I love the idea of this book, asking different Gods the same question. This line just felt so deep and meaningful. It actually made me realize the importance of love and loyalty and without it... it's like killing someone.",Reply
CROWN OF GLASS,christinewonn,"Jul 29, 2017"," #beleiverbc  This line really starts off the chapter well, it leaves the reader thinking. Also, it wants the reader to know how this line is related to the chapter/story. Captivating and meaningful!",Reply
CROWN OF GLASS,sophiasticate,"Jul 28, 2017","*lays on the floor and stares up at the ceiling bc this first page was not only great, but regal*",1 Reply
CROWN OF GLASS,sophiasticate,"Jul 28, 2017",this repetition is pure amazing ness I tell you that,1 Reply
CROWN OF GLASS,sophiasticate,"Jul 28, 2017",HOOKED I AM HOOKED I AM SHOOKED THIS IS A REALLY GOOD BOOK,Reply
CROWN OF GLASS,J3ennife4,"Jul 28, 2017"," #believerbc  I feel like an idiot for not realizing sooner that the person was asking each god the question rather than the same god giving different answers, but anyway, it was a good introduction! Really captures the attention of the reader, and I like that you never said who's asking the question. Leaves an element of mystery that I'm assuming we're going to find out later. Looking forward to the next chapter!",Reply
CROWN OF GLASS,J3ennife4,"Jul 28, 2017", #believerbc Took me a few read throughs of this paragraph before I realized that someone is asking each god the same question- REALLY like this idea!!,Reply
CROWN OF GLASS,Stardustisinsideme,"Jul 28, 2017"," #believerbc   I really love this chapter! Although I was a bit confused as to who was saying ""how do you kill a god"". Using that idea repetitively makes for a good beginning. You used it just enough times for it not to get boring. I like how maybe the answers shed light onto the different god's personalities and what they value in life. Each one was thinking more of themselves and what would hurt them. This is a great intro and I can't wait to keep reading!   Good job :)",1 Reply
CROWN OF GLASS,mnsjohns,"Jul 28, 2017", #believerbc This was a great way to start the book. It definitely grabs your attention and leaves you wanting more.  I love that you let the last answer to the question to be so dramatically different that the other ones. That was a wonderful hook to keep the reader reading.  I couldn't find any errors or flaws.,Reply
CROWN OF GLASS,mnsjohns,"Jul 28, 2017", #believerbc I love this,Reply
CROWN OF GLASS,hyaenahyaena,"Jul 28, 2017", #believerbc It's interesting that she has a slightly different response from the other gods who simply say 'but it is not death'... I wonder why.,Reply
CROWN OF GLASS,hyaenahyaena,"Jul 28, 2017"," #believerbc  Whoa, this is a cool way to start a book, very intriguing with nice description. I like how there is an actually definitive answer as how to kill a god, unlike what all the others claimed. Makes me wonder if the others actually know if a god can die, or if they actually want to conceal that fact. Anyways, kept short, sweet, and informational, the introduction was pleasant to read!",Reply
CROWN OF GLASS,leesconfucius,"Jul 27, 2017",Teehee,Reply
CROWN OF GLASS,leesconfucius,"Jul 27, 2017",I love this,Reply
CROWN OF GLASS,jackiel2004,"Jul 26, 2017"," #BelieverBC  I love how you started this book off with the question, ""How Do You Kill a God?"" Something about it is so intriguing, and I love it! I've never seen anything like this, and it's definitely one of the best starts to a book I've ever read. Well done!",Reply
CROWN OF GLASS,colourthestars-,"Jul 26, 2017"," #believerbc  What an awesome start to the book, despite a rather lackluster cover. I thought, personally, that it could be better, but your introduction makes up for it. The concept is quite interesting - I'm not a huge fantasy fan, but this has sucked me in. The layout is spectacular, and I can't wait to see what you have in store for us!",2 Replies
CROWN OF GLASS,auseante,"Jul 25, 2017"," #believerbc  I am in love with this introduction! It is very unique and intrigues the readers so that they would want more; and I sure did! We are getting a glimpse about how the story will turn out in the future and maybe some of the characters. The concept of this is brilliant! The gods are no different and that's what got me thinking the most! Given the same prompts and hurled back with the same answer: You can't. But the big reveal of a god for a god was left me in awe with a twist to the common saying. Overall, love this already! :)",Reply
CROWN OF GLASS,-,"Jul 25, 2017"," #believerbc  I'm not quite sure why, but this line really struck me. I could really feel it, imagine her.  This is great.",Reply
CROWN OF GLASS,-,"Jul 25, 2017"," #believerbc  I really love this chapter. You definitely caught my attention through the interesting way it was all set up. The mystery of the content intrigues the reader. That element is so important so that they continue reading. Also, you did an amazing job setting up for the story, showing the tone and setting. I'm not left in the dark wondering what the story might be about like a lot of other stories. Finally, your description was very convincing, I was able to really see it and feel the mood you were trying to set.   Great work!",Reply
CROWN OF GLASS,Jenjibread,"Jul 25, 2017",Dudeee this is cool ^-^,Reply
CROWN OF GLASS,AnnaKhan747,"Jul 24, 2017"," #believerbc  Wow, you got a very different introduction. The question and the answer of each God, was shown perfectly. The words you used were shaping the whole thing in a continuous flow. Those answers felt real. Like somebody is actually talking to me. You have done an excellent work of keeping the readers hooked and think what is going to happen.  Great job!",Reply
CROWN OF GLASS,okaynel,"Jul 24, 2017"," #believerbc  I love love love this introduction! I the word choice is great and it's like you can hear the speakers talking! I am in love the the dynamic in this story, it so suspenseful! I really want to learn about the characters, for example, the one who wants to kill a God. You've definitely got me hooked!",Reply
CROWN OF GLASS,hungryebi,"Jul 24, 2017", #believerbc  I like the format of this introduction! Itâ€™s so innovative and it captures the readerâ€™s attention. I like the suspense and I would definitely read on,Reply
CROWN OF GLASS,PistachioJoe,"Jul 24, 2017", #believerbc  this line is very great. i love the simplicity of it... and how it still holds so much meaning nevertheless.,Reply
CROWN OF GLASS,PistachioJoe,"Jul 24, 2017"," #believerbc   i can't begin to explain to you how CLEVER this introduction is! the word choice, the differentiation between each of the speakers, the thoughts they all voice.... so brilliant. this is set up in an almost poetic way; i very much love it. i can't seem to find any issues with this. your presentation of the gods in this light already helps me to understand a bit more of the story. it also holds suspense-- i definitely want to read more.",Reply
CROWN OF GLASS,Androme_Deux,"Jul 23, 2017"," #believerbc  It's clever how you frequently add ""but it is not death"" to every end of a paragraph.",Reply
CROWN OF GLASS,Androme_Deux,"Jul 23, 2017"," #believerbc  Well then, how very intriguing. No grammatical errors, no mistakes. At first, I got confused on why the question got repeated for the second time, but found out that it was intended. I'm assuming that this story will focus on trying to kill a God? That's how I see it.",1 Reply
CROWN OF GLASS,imaptient14,"Jul 22, 2017", #Believer bc  This is such a thing she would say.,Reply
CROWN OF GLASS,qkdxksdml,"Jul 22, 2017"," #believebc  ""How do you kill a God?""  Wow, this concept is new to me. It already drawns my attention. Plus I cannot even see any flaws in this part, at least a typographical error. I think your story is phenomenal. Someone once told me that the books who got those great intros and prologues are the best to read and watch out for. I don't know what to comment really. It's hard to critic something perfect.  I think you got the concept, ""A God for a God,"" from a king. I forgot his name. It is the, ""an eye for an eye and a tooth for a tooth"" idea. But anyways, again, it's magnificent. So much for the first part. I wonder what would be the wonders I'm going to unearth on the upcoming chapters â˜º",2 Replies
CROWN OF GLASS,-,"Jul 22, 2017", #believer bc  This is a very clever introduction to your story. I love the play on each God's answer and I love the way you've described them. I saw no grammatical mistakes that humped out to me. This intro really sets the tone for your story and let's us know ow right away what we are in store for. I love it!,Reply
CROWN OF GLASS,-,"Jul 22, 2017", #Believer BC  A very cool paragraph. Descriptions are on point.,Reply
CROWN OF GLASS,InfiniteMiracle,"Jul 22, 2017"," #believerbc  I don't know if this is meant to count as one of my chapters for believer book club, but I'm going to count it because I feel like it's an important part of your book.  I love the way you have the question being asked repetitively without changing it all. It really sets an eerie dynamic.  I absolutely love how you had each of the god's answer the question in their own way. I think each of their responses gave me a huge insight into what their characters are like. I defininitly want to learn more about the god of the Skies who had blood on his hands.  Your descriptions and language you had throughout this section were fantastic. I noticed no mistakes which is always a good thing, and I enjoyed reading it. You have a great story started here, and I look forward to seeing how you develop it in further chapters.",1 Reply
CROWN OF GLASS,BayenNao,"Jul 22, 2017"," #BelieverBC  Does it even count to comment here? Its a good start, pulling everyones attention with the first line. You described each of the gods was great.  Great work!",Reply
CROWN OF GLASS,ithinkofrauhl,"Jul 22, 2017", #believerbc   Such a good start!! You pulled everyone's ettention with the first line. The way you described each of the gods was geat. This made me curious. Great work. This will keep me glued!!,Reply
CROWN OF GLASS,aquaria13,"Jul 22, 2017"," #believerbc I love this. I don't quite know if this counts to comment here but I am anyhow. I love how you go down the line, creating this  sense of suspense and mystery. Usually, in books that have a repeating factor to it such as this introduction type thing, it can get boring. But this had me glued I loved this. Keep up the good work :)",Reply
CROWN OF GLASS,LisaVanDerMolen,"Jul 22, 2017"," #believerbc   How do you kill a god? I really love how you started it of, really pulling everybody's attention right into the story. I really like how your question doesn't feel to repetitive, keep the good work up!",1 Reply
CROWN OF GLASS,Sunburn_11,"Jul 22, 2017"," #leisurely  This was such a great start! It makes me want curious to see what will happen next and why gods are wanting to kill each other. The last line was chilling, but the whole chapter had the same kind of chilling feel to it. This was perfect to hook readers in!",1 Reply
CROWN OF GLASS,Chocolate370,"Jul 17, 2017",Wow nice beginning . I can see you worked hard on this story . Can't wait to read on x,1 Reply
CROWN OF GLASS,rubyruins,"Jul 12, 2017","Thanks :) this one's not exactly the prologue, but it comes in a few chapters. Yep, the main reason was to create a sense of foreboding here, coz towards the ending, things get quite heated up with references to earlier things.  Sure, I guess I'll make the changes with 'Era.' Thanks for pointing out, and most importantly, thanks for reading! Love ya :D",Reply
CROWN OF GLASS,cdsheridan,"Jul 12, 2017","Oooooo chilling. Prologues can sometimes be wearisome, but you've managed to create this awesome sense of foreboding. I love the descriptions of each of the gods, and the fact that you've put it in the present tense. My one callout would be the capitalization of ""Era"" in the last paragraph â€” if it's not a proper noun in the rest of the story to come, I don't think it needs to be capitalized here. But aside from that, yesyesyes! Can't wait to read more!",Reply
CROWN OF GLASS,castiehl,"Jul 10, 2017"," #believerbc  Oh hell yeah. I can't wait for this. Already I am hooked! This is exactly the sort of thing I would want to read.  Good news, I haven't spotted any grammar/spelling mistakes so far.   Absolutely beautiful descriptions, wonderful vocabulary. It was so powerful and enchants readers right away. The repetition of ""how do you kill a god?"" Set an eerie dynamic too. Also, I like the banner at the top - did you make it?  Excellent start!",1 Reply
CROWN OF GLASS,rubyruins,"Jul 09, 2017","Thanks for taking the time and checking this out ğŸ˜€ this part is quite related towards further events, trying to make my book go a complete circle!",1 Reply
CROWN OF GLASS,Tophie_Star,"Jul 09, 2017",This is amazing!! I love the beginning! It tooootally draws me in and i'm eager for this story to unravel!,Reply
CROWN OF GLASS,rubyruins,"Jan 22, 2017",ğŸ‘­â¤â¤,Reply
CROWN OF GLASS,Bekka_XOX_,"Jan 22, 2017",Can't wait!,1 Reply
